row_id,unicode_dec,unicode,char,standard_rank,level,strokes_db,idx,track,baseline_evidence_status,cjkdecomp_raw,struct_cjkdecomp,struct_cjkvi,struct_dual,unihan_kangxi_radical,unihan_total_strokes,baseline_stroke_count,strokes_dual,tier
PENC_001,13383,U+3447,㑇,6602,三级,7,1607,provisional,REVIEW_REQUIRED,"a(亻,刍)",左右,左右,agree,9,7,7,agree,T1
PENC_002,13386,U+344A,㑊,6700,三级,8,1610,provisional,REVIEW_REQUIRED,"a(亻,亦)",左右,左右,agree,9,8,8,agree,T1
PENC_003,13678,U+356E,㕮,6592,三级,7,1902,provisional,REVIEW_REQUIRED,"a(口,父)",左右,左右,agree,30,7,7,agree,T1
PENC_004,13838,U+360E,㘎,7936,三级,17,14,provisional,REVIEW_REQUIRED,"a(口,阚)",左右,左右,agree,30,18,17,diff,T2
PENC_005,13901,U+364D,㙍,7118,三级,11,77,provisional,REVIEW_REQUIRED,"a(土,叕)",左右,左右,agree,32,11,11,agree,T1
PENC_006,13912,U+3658,㙘,7292,三级,12,88,provisional,REVIEW_REQUIRED,"a(土,要)",左右,左右,agree,32,12,12,agree,T1
PENC_007,13926,U+3666,㙦,7698,三级,14,102,provisional,REVIEW_REQUIRED,"d(斜,土)",上下,上下,agree,32,14,14,agree,T1
PENC_008,14019,U+36C3,㛃,6757,三级,9,195,provisional,REVIEW_REQUIRED,"d(㓞,女)",上下,上下,agree,38,9,9,agree,T1
PENC_009,14042,U+36DA,㛚,7088,三级,10,218,provisional,REVIEW_REQUIRED,"a(女,甬)",左右,左右,agree,38,10,10,agree,T1
PENC_010,14073,U+36F9,㛹,7450,三级,12,249,provisional,REVIEW_REQUIRED,"a(女,便)",左右,左右,agree,38,12,12,agree,T1
PENC_011,14275,U+37C3,㟃,6686,三级,8,451,provisional,REVIEW_REQUIRED,"a(山,司)",左右,左右,agree,46,8,8,agree,T1
PENC_012,14343,U+3807,㠇,7782,三级,15,519,provisional,REVIEW_REQUIRED,"d(山,就)",上下,上下,agree,46,15,15,agree,T1
PENC_013,14355,U+3813,㠓,7868,三级,16,531,provisional,REVIEW_REQUIRED,"a(山,蒙)",左右,左右,agree,46,16,16,agree,T1
PENC_014,14616,U+3918,㤘,4031,二级,8,792,provisional,REVIEW_REQUIRED,"a(忄,刍)",左右,左右,agree,61,8,8,agree,T1
PENC_015,14660,U+3944,㥄,7242,三级,11,836,provisional,REVIEW_REQUIRED,"a(忄,夌)",左右,左右,agree,61,11,11,agree,T1
PENC_016,14800,U+39D0,㧐,3658,二级,7,976,provisional,REVIEW_REQUIRED,"a(扌,双)",左右,左右,agree,64,7,7,agree,T1
PENC_017,14801,U+39D1,㧑,6567,三级,7,977,provisional,REVIEW_REQUIRED,"a(扌,为)",左右,左右,agree,64,7,7,agree,T1
PENC_018,14815,U+39DF,㧟,3848,二级,8,991,provisional,REVIEW_REQUIRED,"a(扌,汇)",左右,左右,agree,64,8,8,agree,T1
PENC_019,15088,U+3AF0,㫰,7158,三级,11,1264,provisional,REVIEW_REQUIRED,"a(日,良)",左右,左右,agree,72,11,11,agree,T1
PENC_020,15114,U+3B0A,㬊,7520,三级,13,1290,provisional,REVIEW_REQUIRED,"d(日,爰)",上下,上下,agree,72,13,13,agree,T1
PENC_021,15118,U+3B0E,㬎,7672,三级,14,1294,standard,COMPLETE,"d(日,𢇁)",上下,上下,complete_in_db,72,14,14,agree,T0
PENC_022,15130,U+3B1A,㬚,7862,三级,16,1306,provisional,REVIEW_REQUIRED,"a(日,37112)",左右,左中右,disagree,72,16,16,agree,T4
PENC_023,15182,U+3B4E,㭎,6664,三级,8,1358,provisional,REVIEW_REQUIRED,"a(木,冈)",左右,左右,agree,75,8,8,agree,T1
PENC_024,15189,U+3B55,㭕,6797,三级,9,1365,provisional,REVIEW_REQUIRED,"a(木,去)",左右,左右,agree,75,9,9,agree,T1
PENC_025,15294,U+3BBE,㮾,7736,三级,14,1470,provisional,REVIEW_REQUIRED,"d(朗,木)",上下,上下,agree,75,15,14,diff,T2
PENC_026,15360,U+3C00,㰀,8032,三级,19,1536,provisional,REVIEW_REQUIRED,"a(木,39097)",左右,左右,agree,75,19,19,agree,T1
PENC_027,15559,U+3CC7,㳇,6618,三级,7,1735,provisional,REVIEW_REQUIRED,"a(氵,父)",左右,左右,agree,85,7,7,agree,T1
PENC_028,15576,U+3CD8,㳘,6896,三级,9,1752,provisional,REVIEW_REQUIRED,"a(氵,充)",左右,左右,agree,85,9,9,agree,T1
PENC_029,15578,U+3CDA,㳚,6884,三级,9,1754,provisional,REVIEW_REQUIRED,"a(氵,戍)",左右,左右,agree,85,9,9,agree,T1
PENC_030,15636,U+3D14,㴔,7431,三级,12,1812,provisional,REVIEW_REQUIRED,"a(氵,急)",左右,左右,agree,85,12,12,agree,T1
PENC_031,15696,U+3D50,㵐,7815,三级,15,1872,provisional,REVIEW_REQUIRED,"a(氵,65313)",左右,左右,agree,85,15,15,agree,T1
PENC_032,15794,U+3DB2,㶲,6879,三级,9,1970,provisional,REVIEW_REQUIRED,"a(火,用)",左右,左右,agree,86,9,9,agree,T1
PENC_033,15878,U+3E06,㸆,6411,二级,19,6,provisional,REVIEW_REQUIRED,"a(火,靠)",左右,左右,agree,86,19,19,agree,T1
PENC_034,15884,U+3E0C,㸌,8064,三级,20,12,provisional,REVIEW_REQUIRED,"a(火,霍)",左右,左右,agree,86,20,20,agree,T1
PENC_035,16004,U+3E84,㺄,7410,三级,12,132,provisional,REVIEW_REQUIRED,"a(犭,俞)",左右,左右,agree,94,12,12,agree,T1
PENC_036,16108,U+3EEC,㻬,7747,三级,15,236,provisional,REVIEW_REQUIRED,"a(王,雩)",左右,左右,agree,96,15,15,agree,T1
PENC_037,16207,U+3F4F,㽏,7729,三级,14,335,provisional,REVIEW_REQUIRED,"d(洽,甘)",上下,上下,agree,99,14,14,agree,T1
PENC_038,16352,U+3FE0,㿠,7198,三级,11,480,provisional,REVIEW_REQUIRED,"a(白,光)",左右,左右,agree,106,11,11,agree,T1
PENC_039,16470,U+4056,䁖,5693,二级,14,598,provisional,REVIEW_REQUIRED,"a(目,娄)",左右,左右,agree,109,14,14,agree,T1
PENC_040,16558,U+40AE,䂮,7098,三级,11,686,provisional,REVIEW_REQUIRED,"d(97723,石)",上下,上下,agree,112,11,11,agree,T1
PENC_041,16581,U+40C5,䃅,7508,三级,13,709,provisional,REVIEW_REQUIRED,"a(石,单)",左右,左右,agree,112,13,13,agree,T1
PENC_042,16590,U+40CE,䃎,7660,三级,14,718,provisional,REVIEW_REQUIRED,"a(石,奓)",左右,左右,agree,112,14,14,agree,T1
PENC_043,16735,U+415F,䅟,7540,三级,13,863,provisional,REVIEW_REQUIRED,"a(禾,参)",左右,左右,agree,115,13,13,agree,T1
PENC_044,17209,U+4339,䌹,6750,三级,8,1337,provisional,REVIEW_REQUIRED,"a(纟,冋)",左右,左右,agree,120,11,8,diff,T2
PENC_045,17283,U+4383,䎃,7169,三级,11,1411,provisional,REVIEW_REQUIRED,"a(冉,羽)",左右,左右,agree,124,11,11,agree,T1
PENC_046,17302,U+4396,䎖,8024,三级,18,1430,provisional,REVIEW_REQUIRED,"a(曾,羽)",左右,左右,agree,124,18,18,agree,T1
PENC_047,17373,U+43DD,䏝,3978,二级,8,1501,provisional,REVIEW_REQUIRED,"a(月,专)",左右,左右,agree,130,8,8,agree,T1
PENC_048,17377,U+43E1,䏡,6865,三级,9,1505,provisional,REVIEW_REQUIRED,"a(月,示)",左右,左右,agree,130,9,9,agree,T1
PENC_049,17394,U+43F2,䏲,7213,三级,11,1522,provisional,REVIEW_REQUIRED,"a(月,弟)",左右,左右,agree,130,11,11,agree,T1
PENC_050,17411,U+4403,䐃,7402,三级,12,1539,provisional,REVIEW_REQUIRED,"a(月,囷)",左右,左右,agree,130,12,12,agree,T1
PENC_051,17622,U+44D6,䓖,6955,三级,10,1750,provisional,REVIEW_REQUIRED,"d(艹,穷)",上下,上下,agree,140,11,10,diff,T2
PENC_052,17627,U+44DB,䓛,7134,三级,11,1755,provisional,REVIEW_REQUIRED,"d(艹,屈)",上下,上下,agree,140,12,11,diff,T2
PENC_053,17640,U+44E8,䓨,7132,三级,11,1768,provisional,REVIEW_REQUIRED,"d(37165,缶)",上下,上下,agree,140,12,11,diff,T2
PENC_054,17643,U+44EB,䓫,7124,三级,11,1771,provisional,REVIEW_REQUIRED,"d(艹,奇)",上下,上下,agree,140,12,11,diff,T2
PENC_055,17644,U+44EC,䓬,7126,三级,11,1772,provisional,REVIEW_REQUIRED,"d(艹,卓)",上下,上下,agree,140,12,11,diff,T2
PENC_056,17878,U+45D6,䗖,7772,三级,15,2006,provisional,REVIEW_REQUIRED,"a(虫,带)",左右,左右,agree,142,15,15,agree,T1
PENC_057,17883,U+45DB,䗛,7865,三级,16,2011,provisional,REVIEW_REQUIRED,"a(虫,39007,39372)",左右,左右,agree,142,16,16,agree,T1
PENC_058,17898,U+45EA,䗪,7970,三级,17,2026,provisional,REVIEW_REQUIRED,"stl(庶,虫)",左上包,左上包,agree,142,17,17,agree,T1
PENC_059,17908,U+45F4,䗴,8000,三级,18,2036,provisional,REVIEW_REQUIRED,"a(虫,筳)",左右,左右,agree,142,19,18,diff,T2
PENC_060,18211,U+4723,䜣,6549,三级,6,291,provisional,REVIEW_REQUIRED,"a(讠,斤)",左右,左右,agree,149,11,6,diff,T2
PENC_061,18265,U+4759,䝙,7209,三级,11,345,provisional,REVIEW_REQUIRED,"a(豸,区)",左右,左右,agree,153,11,11,agree,T1
PENC_062,18618,U+48BA,䢺,6633,三级,7,698,provisional,REVIEW_REQUIRED,"a(出,阝)",左右,左右,agree,163,8,7,diff,T2
PENC_063,18620,U+48BC,䢼,6657,三级,8,700,provisional,REVIEW_REQUIRED,"a(共,阝)",左右,左右,agree,163,9,8,diff,T2
PENC_064,18648,U+48D8,䣘,7516,三级,13,728,provisional,REVIEW_REQUIRED,"a(堂,阝)",左右,左右,agree,163,14,13,diff,T2
PENC_065,18813,U+497D,䥽,4546,二级,10,893,provisional,REVIEW_REQUIRED,"a(钅,发)",左右,左右,agree,167,13,10,diff,T2
PENC_066,18819,U+4983,䦃,6111,二级,16,899,provisional,REVIEW_REQUIRED,"a(钅,著)",左右,左右,agree,167,20,16,diff,T2
PENC_067,19615,U+4C9F,䲟,7560,三级,13,1695,provisional,REVIEW_REQUIRED,"a(鱼,印)",左右,左右,agree,195,16,13,diff,T2
PENC_068,19616,U+4CA0,䲠,7960,三级,17,1696,provisional,REVIEW_REQUIRED,"a(鱼,春)",左右,左右,agree,195,20,17,diff,T2
PENC_069,19618,U+4CA2,䲢,8014,三级,18,1698,provisional,REVIEW_REQUIRED,"a(月,鲞)",左右,左右,agree,195,21,18,diff,T2
PENC_070,19731,U+4D13,䴓,6806,三级,9,1811,provisional,REVIEW_REQUIRED,"a(帀,鸟)",左右,左右,agree,196,15,9,diff,T2
PENC_071,19732,U+4D14,䴔,7224,三级,11,1812,provisional,REVIEW_REQUIRED,"a(交,鸟)",左右,左右,agree,196,17,11,diff,T2
PENC_072,19733,U+4D15,䴕,7152,三级,11,1813,provisional,REVIEW_REQUIRED,"d(列,鸟)",上下,上下,agree,196,17,11,diff,T2
PENC_073,19734,U+4D16,䴖,7465,三级,13,1814,provisional,REVIEW_REQUIRED,"a(青,鸟)",左右,左右,agree,196,19,13,diff,T2
PENC_074,19735,U+4D17,䴗,7668,三级,14,1815,provisional,REVIEW_REQUIRED,"a(狊,鸟)",左右,左右,agree,196,20,14,diff,T2
PENC_075,19736,U+4D18,䴘,7795,三级,15,1816,provisional,REVIEW_REQUIRED,"a(虒,鸟)",左右,左右,agree,196,21,15,diff,T2
PENC_076,19737,U+4D19,䴙,8029,三级,18,1817,provisional,REVIEW_REQUIRED,"a(辟,鸟)",左右,左右,agree,196,24,18,diff,T2
PENC_077,19886,U+4DAE,䶮,6814,三级,9,1966,provisional,REVIEW_REQUIRED,"d(龙,天)",上下,上下,agree,212,9,9,agree,T1
PENC_078,40909,U+9FCD,鿍,6774,三级,9,461,provisional,REVIEW_REQUIRED,,,左右,single_source_cjkvi,32,9,9,agree,T3
PENC_079,40910,U+9FCE,鿎,7146,三级,11,462,provisional,REVIEW_REQUIRED,,,左右,single_source_cjkvi,112,11,11,agree,T3
PENC_080,40911,U+9FCF,鿏,7373,三级,12,463,provisional,REVIEW_REQUIRED,,,左右,single_source_cjkvi,167,12,12,agree,T3
PENC_081,131428,U+20164,𠅤,7219,三级,11,868,provisional,REVIEW_REQUIRED,"d(亩,心)",上下,上下,agree,8,11,11,agree,T1
PENC_082,132726,U+20676,𠙶,6506,三级,4,118,provisional,REVIEW_REQUIRED,"sb(凵,了)",左上包,下三包,disagree,17,4,4,agree,T4
PENC_083,134352,U+20CD0,𠳐,4190,二级,9,1744,provisional,REVIEW_REQUIRED,"a(口,邦)",左右,左右,agree,30,10,9,diff,T2
PENC_084,136090,U+2139A,𡎚,7300,三级,12,1434,provisional,REVIEW_REQUIRED,"a(土,扁)",左右,左右,agree,32,12,12,agree,T1
PENC_085,136211,U+21413,𡐓,7635,三级,14,1555,provisional,REVIEW_REQUIRED,"a(土,康)",左右,左右,agree,32,14,14,agree,T1
PENC_086,144843,U+235CB,𣗋,7650,三级,14,1995,provisional,REVIEW_REQUIRED,"a(木,91452)",左右,左右,agree,75,14,14,agree,T1
PENC_087,146583,U+23C97,𣲗,6613,三级,7,1687,provisional,REVIEW_REQUIRED,"a(氵,韦)",左右,左右,agree,85,7,7,agree,T1
PENC_088,146584,U+23C98,𣲘,6612,三级,7,1688,provisional,REVIEW_REQUIRED,"a(氵,无)",左右,左右,agree,85,7,7,agree,T1
PENC_089,146979,U+23E23,𣸣,7425,三级,12,35,provisional,REVIEW_REQUIRED,"a(氵,91723)",左右,左右,agree,85,12,12,agree,T1
PENC_090,149979,U+249DB,𤧛,7470,三级,13,987,provisional,REVIEW_REQUIRED,"a(王,帝)",左右,左右,agree,96,13,13,agree,T1
PENC_091,150141,U+24A7D,𤩽,7918,三级,17,1149,provisional,REVIEW_REQUIRED,"a(王,献)",左右,左右,agree,96,17,17,agree,T1
PENC_092,150217,U+24AC9,𤫉,8075,三级,21,1225,provisional,REVIEW_REQUIRED,"a(王,燮)",左右,左右,agree,96,21,21,agree,T1
PENC_093,152882,U+25532,𥔲,7663,三级,14,1842,provisional,REVIEW_REQUIRED,"a(石,咢)",左右,左右,agree,112,15,14,diff,T2
PENC_094,152930,U+25562,𥕢,7851,三级,16,1890,provisional,REVIEW_REQUIRED,"a(石,曹)",左右,左右,agree,112,16,16,agree,T1
PENC_095,153000,U+255A8,𥖨,7996,三级,18,1960,provisional,REVIEW_REQUIRED,"a(石,喿)",左右,左右,agree,112,18,18,agree,T1
PENC_096,155351,U+25ED7,𥻗,5989,二级,15,215,provisional,REVIEW_REQUIRED,"a(米,查)",左右,左右,agree,119,15,15,agree,T1
PENC_097,156193,U+26221,𦈡,7979,三级,17,1057,provisional,REVIEW_REQUIRED,"a(纟,需)",左右,左右,agree,120,17,17,agree,T1
PENC_098,156813,U+2648D,𦒍,8020,三级,18,1677,provisional,REVIEW_REQUIRED,"a(童,羽)",左右,左右,agree,124,18,18,agree,T1
PENC_099,157302,U+26676,𦙶,6867,三级,9,118,provisional,REVIEW_REQUIRED,"a(月,古)",左右,左右,agree,130,9,9,agree,T1
PENC_100,157564,U+2677C,𦝼,7568,三级,13,380,provisional,REVIEW_REQUIRED,"a(42820,娄)",左右,左右,agree,130,13,13,agree,T1
PENC_101,158556,U+26B5C,𦭜,6658,三级,8,1372,provisional,REVIEW_REQUIRED,"d(艹,只)",上下,上下,agree,140,9,8,diff,T2
PENC_102,158753,U+26C21,𦰡,6794,三级,9,1569,provisional,REVIEW_REQUIRED,"d(艹,那)",上下,上下,agree,140,11,9,diff,T2
PENC_103,163833,U+27FF9,𧿹,7354,三级,12,505,provisional,REVIEW_REQUIRED,"a(足,母)",左右,左右,agree,157,12,12,agree,T1
PENC_104,164872,U+28408,𨐈,6976,三级,10,1544,provisional,REVIEW_REQUIRED,"a(车,光)",左右,左右,agree,159,10,10,agree,T1
PENC_105,165496,U+28678,𨙸,6529,三级,6,120,provisional,REVIEW_REQUIRED,"a(支,阝)",左右,左右,agree,163,6,6,agree,T1
PENC_106,165525,U+28695,𨚕,6637,三级,7,149,provisional,REVIEW_REQUIRED,"a(弁,阝)",左右,左右,agree,163,7,7,agree,T1
PENC_107,165856,U+287E0,𨟠,8057,三级,20,480,provisional,REVIEW_REQUIRED,"a(瞿,阝)",左右,左右,agree,163,20,20,agree,T1
PENC_108,166729,U+28B49,𨭉,8063,三级,20,1353,provisional,REVIEW_REQUIRED,"d(斌,金)",上下,上下,agree,167,20,20,agree,T1
PENC_109,166983,U+28C47,𨱇,7377,三级,12,1607,provisional,REVIEW_REQUIRED,"a(钅,求)",左右,左右,agree,167,12,12,agree,T1
PENC_110,166991,U+28C4F,𨱏,7678,三级,14,1615,provisional,REVIEW_REQUIRED,"a(钅,65133)",左右,左右,agree,167,15,14,diff,T2
PENC_111,166993,U+28C51,𨱑,7873,三级,16,1617,provisional,REVIEW_REQUIRED,"a(钅,黄)",左右,左右,agree,167,17,16,diff,T2
PENC_112,166996,U+28C54,𨱔,7944,三级,17,1620,provisional,REVIEW_REQUIRED,"a(钅,尊)",左右,左右,agree,167,17,17,agree,T1
PENC_113,167577,U+28E99,𨺙,7084,三级,10,153,provisional,REVIEW_REQUIRED,"a(阝,兒)",左右,左右,agree,170,10,10,agree,T1
PENC_114,171902,U+29F7E,𩽾,7708,三级,14,382,provisional,REVIEW_REQUIRED,"a(鱼,安)",左右,左右,agree,195,14,14,agree,T1
PENC_115,171907,U+29F83,𩾃,7799,三级,15,387,provisional,REVIEW_REQUIRED,"a(鱼,免)",左右,左右,agree,195,15,15,agree,T1
PENC_116,171916,U+29F8C,𩾌,8043,三级,19,396,provisional,REVIEW_REQUIRED,"a(鱼,康)",左右,左右,agree,195,19,19,agree,T1
PENC_117,174045,U+2A7DD,𪟝,6932,三级,10,477,provisional,REVIEW_REQUIRED,"a(责,力)",左右,左右,agree,19,10,10,agree,T1
PENC_118,174331,U+2A8FB,𪣻,7299,三级,12,763,provisional,REVIEW_REQUIRED,"a(土,娄)",左右,左右,agree,32,12,12,agree,T1
PENC_119,174359,U+2A917,𪤗,7638,三级,14,791,provisional,REVIEW_REQUIRED,"a(土,翏)",左右,左右,agree,32,14,14,agree,T1
PENC_120,174640,U+2AA30,𪨰,6839,三级,9,1072,provisional,REVIEW_REQUIRED,"a(山,曲)",左右,左右,agree,46,9,9,agree,T1
PENC_121,174646,U+2AA36,𪨶,6999,三级,10,1078,provisional,REVIEW_REQUIRED,"d(𡻲,车)",上下,上中下,disagree,46,10,10,agree,T4
PENC_122,174680,U+2AA58,𪩘,7870,三级,16,1112,provisional,REVIEW_REQUIRED,"a(山,献)",左右,左右,agree,46,16,16,agree,T1
PENC_123,176034,U+2AFA2,𪾢,6820,三级,9,418,provisional,REVIEW_REQUIRED,"a(目,见)",左右,左右,agree,109,9,9,agree,T1
PENC_124,176423,U+2B127,𫄧,6922,三级,9,807,provisional,REVIEW_REQUIRED,"a(纟,延)",左右,左右,agree,120,10,9,diff,T2
PENC_125,176424,U+2B128,𫄨,7094,三级,10,808,provisional,REVIEW_REQUIRED,"a(纟,希)",左右,左右,agree,120,10,10,agree,T1
PENC_126,176439,U+2B137,𫄷,7916,三级,16,823,provisional,REVIEW_REQUIRED,"a(纟,意)",左右,左右,agree,120,16,16,agree,T1
PENC_127,176440,U+2B138,𫄸,7980,三级,17,824,provisional,REVIEW_REQUIRED,"a(纟,30377)",左右,左右,agree,120,17,17,agree,T1
PENC_128,176621,U+2B1ED,𫇭,6576,三级,7,1005,provisional,REVIEW_REQUIRED,"d(艹,为)",上下,上下,agree,140,8,7,diff,T2
PENC_129,176896,U+2B300,𫌀,7602,三级,13,1280,provisional,REVIEW_REQUIRED,"a(衤,责)",左右,左右,agree,145,13,13,agree,T1
PENC_130,176995,U+2B363,𫍣,6730,三级,8,1379,provisional,REVIEW_REQUIRED,"a(讠,同)",左右,左右,agree,149,8,8,agree,T1
PENC_131,177007,U+2B36F,𫍯,7250,三级,11,1391,provisional,REVIEW_REQUIRED,"a(讠,咸)",左右,左右,agree,149,11,11,agree,T1
PENC_132,177010,U+2B372,𫍲,7255,三级,11,1394,provisional,REVIEW_REQUIRED,"a(讠,65028)",左右,左右,agree,149,11,11,agree,T1
PENC_133,177021,U+2B37D,𫍽,7828,三级,15,1405,provisional,REVIEW_REQUIRED,"a(讠,65403)",左右,左右,agree,149,15,15,agree,T1
PENC_134,177156,U+2B404,𫐄,6586,三级,7,1540,provisional,REVIEW_REQUIRED,"a(车,兀)",左右,左右,agree,159,7,7,agree,T1
PENC_135,177168,U+2B410,𫐐,7343,三级,12,1552,provisional,REVIEW_REQUIRED,"a(车,兒)",左右,左右,agree,159,12,12,agree,T1
PENC_136,177171,U+2B413,𫐓,7513,三级,13,1555,provisional,REVIEW_REQUIRED,"a(车,柔)",左右,左右,agree,159,13,13,agree,T1
PENC_137,177249,U+2B461,𫑡,6995,三级,10,1633,provisional,REVIEW_REQUIRED,"a(黾,阝)",左右,左右,agree,163,10,10,agree,T1
PENC_138,177383,U+2B4E7,𫓧,6844,三级,9,1767,provisional,REVIEW_REQUIRED,"a(钅,夫)",左右,左右,agree,167,9,9,agree,T1
PENC_139,177391,U+2B4EF,𫓯,7177,三级,11,1775,provisional,REVIEW_REQUIRED,"a(钅,圭)",左右,左右,agree,167,11,11,agree,T1
PENC_140,177398,U+2B4F6,𫓶,7378,三级,12,1782,provisional,REVIEW_REQUIRED,"a(钅,肙)",左右,左右,agree,167,12,12,agree,T1
PENC_141,177401,U+2B4F9,𫓹,7529,三级,13,1785,provisional,REVIEW_REQUIRED,"a(钅,其)",左右,左右,agree,167,13,13,agree,T1
PENC_142,177421,U+2B50D,𫔍,7940,三级,17,1805,provisional,REVIEW_REQUIRED,"a(钅,番)",左右,左右,agree,167,17,17,agree,T1
PENC_143,177422,U+2B50E,𫔎,7946,三级,17,1806,provisional,REVIEW_REQUIRED,"a(钅,37830)",左右,左右,agree,167,17,17,agree,T1
PENC_144,177462,U+2B536,𫔶,7580,三级,13,1846,provisional,REVIEW_REQUIRED,"st(门,臬)",左上包,上三包,disagree,169,13,13,agree,T4
PENC_145,177582,U+2B5AE,𫖮,7367,三级,12,1966,provisional,REVIEW_REQUIRED,"a(岂,页)",左右,左右,agree,181,12,12,agree,T1
PENC_146,177583,U+2B5AF,𫖯,7399,三级,12,1967,provisional,REVIEW_REQUIRED,"a(兆,页)",左右,左右,agree,181,12,12,agree,T1
PENC_147,177587,U+2B5B3,𫖳,7610,三级,13,1971,provisional,REVIEW_REQUIRED,"a(君,页)",左右,左右,agree,181,13,13,agree,T1
PENC_148,177639,U+2B5E7,𫗧,7039,三级,10,2023,provisional,REVIEW_REQUIRED,"a(饣,束)",左右,左右,agree,184,10,10,agree,T1
PENC_149,177652,U+2B5F4,𫗴,7890,三级,16,2036,provisional,REVIEW_REQUIRED,"a(饣,亶)",左右,左右,agree,184,16,16,agree,T1
PENC_150,177692,U+2B61C,𫘜,6640,三级,7,28,provisional,REVIEW_REQUIRED,"a(马,文)",左右,左右,agree,187,7,7,agree,T1
PENC_151,177693,U+2B61D,𫘝,6643,三级,7,29,provisional,REVIEW_REQUIRED,"a(马,夬)",左右,左右,agree,187,7,7,agree,T1
PENC_152,177702,U+2B626,𫘦,7276,三级,11,38,provisional,REVIEW_REQUIRED,"a(马,匋)",左右,左右,agree,187,11,11,agree,T1
PENC_153,177703,U+2B627,𫘧,7281,三级,11,39,provisional,REVIEW_REQUIRED,"a(马,录)",左右,左右,agree,187,11,11,agree,T1
PENC_154,177704,U+2B628,𫘨,7457,三级,12,40,provisional,REVIEW_REQUIRED,"a(马,是)",左右,左右,agree,187,12,12,agree,T1
PENC_155,177706,U+2B62A,𫘪,7617,三级,13,42,provisional,REVIEW_REQUIRED,"a(马,原)",左右,左右,agree,187,13,13,agree,T1
PENC_156,177708,U+2B62C,𫘬,7618,三级,13,44,provisional,REVIEW_REQUIRED,"a(马,65036)",左右,左右,agree,187,13,13,agree,T1
PENC_157,177813,U+2B695,𫚕,7701,三级,14,149,provisional,REVIEW_REQUIRED,"a(鱼,师)",左右,左右,agree,195,14,14,agree,T1
PENC_158,177814,U+2B696,𫚖,7667,三级,14,150,provisional,REVIEW_REQUIRED,"d(此,鱼)",上下,上下,agree,195,14,14,agree,T1
PENC_159,177837,U+2B6AD,𫚭,8100,三级,23,173,provisional,REVIEW_REQUIRED,"a(鱼,65382)",左右,左右,agree,195,23,23,agree,T1
PENC_160,177901,U+2B6ED,𫛭,7408,三级,12,237,provisional,REVIEW_REQUIRED,"d(狂,鸟)",上下,上下,agree,196,12,12,agree,T1
PENC_161,178089,U+2B7A9,𫞩,7622,三级,14,425,provisional,REVIEW_REQUIRED,"a(王,94561)",左右,左右,agree,96,15,14,diff,T2
PENC_162,178117,U+2B7C5,𫟅,7278,三级,11,453,provisional,REVIEW_REQUIRED,"a(纟,京)",左右,左右,agree,120,11,11,agree,T1
PENC_163,178150,U+2B7E6,𫟦,7854,三级,16,486,provisional,REVIEW_REQUIRED,"a(车,遂)",左右,左右,agree,159,17,16,diff,T2
PENC_164,178169,U+2B7F9,𫟹,7178,三级,11,505,provisional,REVIEW_REQUIRED,"a(钅,共)",左右,左右,agree,167,11,11,agree,T1
PENC_165,178172,U+2B7FC,𫟼,7180,三级,11,508,provisional,REVIEW_REQUIRED,"a(钅,达)",左右,左右,agree,167,12,11,diff,T2
PENC_166,178182,U+2B806,𫠆,6967,三级,10,518,provisional,REVIEW_REQUIRED,"a(支,页)",左右,左右,agree,181,10,10,agree,T1
PENC_167,178186,U+2B80A,𫠊,6752,三级,8,522,provisional,REVIEW_REQUIRED,"a(马,玄)",左右,左右,agree,187,8,8,agree,T1
PENC_168,178204,U+2B81C,𫠜,7856,三级,16,540,provisional,REVIEW_REQUIRED,"a(齿,兒)",左右,左右,agree,211,16,16,agree,T1
PENC_169,178360,U+2B8B8,𫢸,7019,三级,10,696,provisional,REVIEW_REQUIRED,,,左右,single_source_cjkvi,9,10,10,agree,T3
PENC_170,178887,U+2BAC7,𫫇,7519,三级,13,1223,provisional,REVIEW_REQUIRED,,,左右,single_source_cjkvi,30,13,13,agree,T3
PENC_171,179039,U+2BB5F,𫭟,6560,三级,7,1375,provisional,REVIEW_REQUIRED,,,左右,single_source_cjkvi,32,7,7,agree,T3
PENC_172,179042,U+2BB62,𫭢,6564,三级,7,1378,provisional,REVIEW_REQUIRED,,,左右,single_source_cjkvi,32,7,7,agree,T3
PENC_173,179068,U+2BB7C,𫭼,6941,三级,10,1404,provisional,REVIEW_REQUIRED,,,左右,single_source_cjkvi,32,10,10,agree,T3
PENC_174,179075,U+2BB83,𫮃,7114,三级,11,1411,provisional,REVIEW_REQUIRED,,,左右,single_source_cjkvi,32,11,11,agree,T3
PENC_175,179227,U+2BC1B,𫰛,6744,三级,8,1563,provisional,REVIEW_REQUIRED,,,左右,single_source_cjkvi,38,8,8,agree,T3
PENC_176,179575,U+2BD77,𫵷,6594,三级,7,1911,provisional,REVIEW_REQUIRED,,,左右,single_source_cjkvi,46,7,7,agree,T3
PENC_177,179591,U+2BD87,𫶇,7361,三级,12,1927,provisional,REVIEW_REQUIRED,,,左右,single_source_cjkvi,46,12,12,agree,T3
PENC_178,179703,U+2BDF7,𫷷,7414,三级,12,2039,provisional,REVIEW_REQUIRED,,,左上包,single_source_cjkvi,53,12,12,agree,T3
PENC_179,179753,U+2BE29,𫸩,6630,三级,7,41,provisional,REVIEW_REQUIRED,,,左右,single_source_cjkvi,57,7,7,agree,T3
PENC_180,180265,U+2C029,𬀩,6671,三级,8,553,provisional,REVIEW_REQUIRED,,,左右,single_source_cjkvi,72,8,8,agree,T3
PENC_181,180266,U+2C02A,𬀪,6672,三级,8,554,provisional,REVIEW_REQUIRED,,,左右,single_source_cjkvi,72,8,8,agree,T3
PENC_182,180393,U+2C0A9,𬂩,6959,三级,10,681,provisional,REVIEW_REQUIRED,,,左右,single_source_cjkvi,75,10,10,agree,T3
PENC_183,180426,U+2C0CA,𬃊,7326,三级,12,714,provisional,REVIEW_REQUIRED,,,左右,single_source_cjkvi,75,12,12,agree,T3
PENC_184,180693,U+2C1D5,𬇕,6547,三级,6,981,provisional,REVIEW_REQUIRED,,,左右,single_source_cjkvi,85,6,6,agree,T3
PENC_185,180697,U+2C1D9,𬇙,6616,三级,7,985,provisional,REVIEW_REQUIRED,,,左右,single_source_cjkvi,85,7,7,agree,T3
PENC_186,180729,U+2C1F9,𬇹,7234,三级,11,1017,provisional,REVIEW_REQUIRED,,,左右,single_source_cjkvi,85,11,11,agree,T3
PENC_187,180860,U+2C27C,𬉼,4004,二级,8,1148,provisional,REVIEW_REQUIRED,,,左右,single_source_cjkvi,86,8,8,agree,T3
PENC_188,180872,U+2C288,𬊈,7053,三级,10,1160,provisional,REVIEW_REQUIRED,,,左右,single_source_cjkvi,86,10,10,agree,T3
PENC_189,180900,U+2C2A4,𬊤,7423,三级,12,1188,provisional,REVIEW_REQUIRED,,,左右,single_source_cjkvi,86,12,12,agree,T3
PENC_190,181015,U+2C317,𬌗,6979,三级,10,1303,provisional,REVIEW_REQUIRED,,,左右,single_source_cjkvi,92,10,10,agree,T3
PENC_191,181083,U+2C35B,𬍛,6761,三级,9,1371,provisional,REVIEW_REQUIRED,,,左右,single_source_cjkvi,96,9,9,agree,T3
PENC_192,181089,U+2C361,𬍡,7241,三级,11,1377,provisional,REVIEW_REQUIRED,,,上下,single_source_cjkvi,96,11,11,agree,T3
PENC_193,181092,U+2C364,𬍤,6937,三级,10,1380,provisional,REVIEW_REQUIRED,,,左右,single_source_cjkvi,96,10,10,agree,T3
PENC_194,181384,U+2C488,𬒈,7070,三级,10,1672,provisional,REVIEW_REQUIRED,,,上中下,single_source_cjkvi,112,10,10,agree,T3
PENC_195,181396,U+2C494,𬒔,7506,三级,13,1684,provisional,REVIEW_REQUIRED,,,左右,single_source_cjkvi,112,13,13,agree,T3
PENC_196,181399,U+2C497,𬒗,7661,三级,14,1687,provisional,REVIEW_REQUIRED,,,左右,single_source_cjkvi,112,14,14,agree,T3
PENC_197,181570,U+2C542,𬕂,7541,三级,13,1858,provisional,REVIEW_REQUIRED,,,上下,single_source_cjkvi,118,13,13,agree,T3
PENC_198,181779,U+2C613,𬘓,6553,三级,6,19,provisional,REVIEW_REQUIRED,,,左右,single_source_cjkvi,120,6,6,agree,T3
PENC_199,181784,U+2C618,𬘘,6642,三级,7,24,provisional,REVIEW_REQUIRED,,,左右,single_source_cjkvi,120,7,7,agree,T3
PENC_200,181793,U+2C621,𬘡,6919,三级,9,33,provisional,REVIEW_REQUIRED,,,左右,single_source_cjkvi,120,9,9,agree,T3
PENC_201,181801,U+2C629,𬘩,6921,三级,9,41,provisional,REVIEW_REQUIRED,,,左右,single_source_cjkvi,120,9,9,agree,T3
PENC_202,181803,U+2C62B,𬘫,7097,三级,10,43,provisional,REVIEW_REQUIRED,,,左右,single_source_cjkvi,120,10,10,agree,T3
PENC_203,181804,U+2C62C,𬘬,7273,三级,11,44,provisional,REVIEW_REQUIRED,,,左右,single_source_cjkvi,120,11,11,agree,T3
PENC_204,181805,U+2C62D,𬘭,7274,三级,11,45,provisional,REVIEW_REQUIRED,,,左右,single_source_cjkvi,120,11,11,agree,T3
PENC_205,181807,U+2C62F,𬘯,7279,三级,11,47,provisional,REVIEW_REQUIRED,,,左右,single_source_cjkvi,120,11,11,agree,T3
PENC_206,181826,U+2C642,𬙂,7746,三级,14,66,provisional,REVIEW_REQUIRED,,,左右,single_source_cjkvi,120,14,14,agree,T3
PENC_207,181834,U+2C64A,𬙊,8030,三级,18,74,provisional,REVIEW_REQUIRED,,,左右,single_source_cjkvi,120,17,18,diff,T3
PENC_208,181835,U+2C64B,𬙋,8073,三级,20,75,provisional,REVIEW_REQUIRED,,,左右,single_source_cjkvi,120,20,20,agree,T3
PENC_209,182060,U+2C72C,𬜬,6791,三级,9,300,provisional,REVIEW_REQUIRED,,,上下,single_source_cjkvi,140,9,9,agree,T3
PENC_210,182063,U+2C72F,𬜯,6951,三级,10,303,provisional,REVIEW_REQUIRED,,,上下,single_source_cjkvi,140,10,10,agree,T3
PENC_211,182175,U+2C79F,𬞟,7841,三级,16,415,provisional,REVIEW_REQUIRED,,,上下,single_source_cjkvi,140,16,16,agree,T3
PENC_212,182209,U+2C7C1,𬟁,7987,三级,18,449,provisional,REVIEW_REQUIRED,,,上下,single_source_cjkvi,140,18,18,agree,T3
PENC_213,182269,U+2C7FD,𬟽,7166,三级,11,509,provisional,REVIEW_REQUIRED,,,左右,single_source_cjkvi,142,11,11,agree,T3
PENC_214,182489,U+2C8D9,𬣙,6520,三级,5,729,provisional,REVIEW_REQUIRED,,,左右,single_source_cjkvi,149,5,5,agree,T3
PENC_215,182494,U+2C8DE,𬣞,6551,三级,6,734,provisional,REVIEW_REQUIRED,,,左右,single_source_cjkvi,149,6,6,agree,T3
PENC_216,182497,U+2C8E1,𬣡,6623,三级,7,737,provisional,REVIEW_REQUIRED,,,左右,single_source_cjkvi,149,7,7,agree,T3
PENC_217,182515,U+2C8F3,𬣳,6731,三级,8,755,provisional,REVIEW_REQUIRED,,,左右,single_source_cjkvi,149,8,8,agree,T3
PENC_218,182535,U+2C907,𬤇,7249,三级,11,775,provisional,REVIEW_REQUIRED,,,左右,single_source_cjkvi,149,11,11,agree,T3
PENC_219,182538,U+2C90A,𬤊,7254,三级,11,778,provisional,REVIEW_REQUIRED,,,左右,single_source_cjkvi,149,11,11,agree,T3
PENC_220,182557,U+2C91D,𬤝,7737,三级,14,797,provisional,REVIEW_REQUIRED,,,左右,single_source_cjkvi,149,14,14,agree,T3
PENC_221,182786,U+2CA02,𬨂,6670,三级,8,1026,provisional,REVIEW_REQUIRED,,,左右,single_source_cjkvi,159,8,8,agree,T3
PENC_222,182798,U+2CA0E,𬨎,7512,三级,13,1038,provisional,REVIEW_REQUIRED,,,左右,single_source_cjkvi,159,13,13,agree,T3
PENC_223,182909,U+2CA7D,𬩽,6732,三级,8,1149,provisional,REVIEW_REQUIRED,,,左右,single_source_cjkvi,163,9,8,diff,T3
PENC_224,182953,U+2CAA9,𬪩,7503,三级,13,1193,provisional,REVIEW_REQUIRED,,,左右,single_source_cjkvi,164,13,13,agree,T3
PENC_225,183081,U+2CB29,𬬩,6688,三级,8,1321,provisional,REVIEW_REQUIRED,,,左右,single_source_cjkvi,167,8,8,agree,T3
PENC_226,183085,U+2CB2D,𬬭,6848,三级,9,1325,provisional,REVIEW_REQUIRED,,,左右,single_source_cjkvi,167,9,9,agree,T3
PENC_227,183086,U+2CB2E,𬬮,6846,三级,9,1326,provisional,REVIEW_REQUIRED,,,左右,single_source_cjkvi,167,9,9,agree,T3
PENC_228,183089,U+2CB31,𬬱,6847,三级,9,1329,provisional,REVIEW_REQUIRED,,,左右,single_source_cjkvi,167,9,9,agree,T3
PENC_229,183096,U+2CB38,𬬸,7004,三级,10,1336,provisional,REVIEW_REQUIRED,,,左右,single_source_cjkvi,167,10,10,agree,T3
PENC_230,183097,U+2CB39,𬬹,7007,三级,10,1337,provisional,REVIEW_REQUIRED,,,左右,single_source_cjkvi,167,10,10,agree,T3
PENC_231,183099,U+2CB3B,𬬻,7006,三级,10,1339,provisional,REVIEW_REQUIRED,,,左右,single_source_cjkvi,167,10,10,agree,T3
PENC_232,183103,U+2CB3F,𬬿,7008,三级,10,1343,provisional,REVIEW_REQUIRED,,,左右,single_source_cjkvi,167,10,10,agree,T3
PENC_233,183105,U+2CB41,𬭁,7009,三级,10,1345,provisional,REVIEW_REQUIRED,,,左右,single_source_cjkvi,167,10,10,agree,T3
PENC_234,183114,U+2CB4A,𬭊,7375,三级,12,1354,provisional,REVIEW_REQUIRED,,,左右,single_source_cjkvi,167,12,12,agree,T3
PENC_235,183118,U+2CB4E,𬭎,7382,三级,12,1358,provisional,REVIEW_REQUIRED,,,左右,single_source_cjkvi,167,12,12,agree,T3
PENC_236,183130,U+2CB5A,𬭚,7534,三级,13,1370,provisional,REVIEW_REQUIRED,,,左右,single_source_cjkvi,167,13,13,agree,T3
PENC_237,183131,U+2CB5B,𬭛,7537,三级,13,1371,provisional,REVIEW_REQUIRED,,,左右,single_source_cjkvi,167,13,13,agree,T3
PENC_238,183140,U+2CB64,𬭤,7682,三级,14,1380,provisional,REVIEW_REQUIRED,,,左右,single_source_cjkvi,167,14,14,agree,T3
PENC_239,183145,U+2CB69,𬭩,7789,三级,15,1385,provisional,REVIEW_REQUIRED,,,左右,single_source_cjkvi,167,15,15,agree,T3
PENC_240,183148,U+2CB6C,𬭬,7872,三级,16,1388,provisional,REVIEW_REQUIRED,,,左右,single_source_cjkvi,167,16,16,agree,T3
PENC_241,183151,U+2CB6F,𬭯,7874,三级,16,1391,provisional,REVIEW_REQUIRED,,,左右,single_source_cjkvi,167,16,16,agree,T3
PENC_242,183155,U+2CB73,𬭳,7937,三级,17,1395,provisional,REVIEW_REQUIRED,,,左右,single_source_cjkvi,167,17,17,agree,T3
PENC_243,183158,U+2CB76,𬭶,7939,三级,17,1398,provisional,REVIEW_REQUIRED,,,左右,single_source_cjkvi,167,17,17,agree,T3
PENC_244,183160,U+2CB78,𬭸,7943,三级,17,1400,provisional,REVIEW_REQUIRED,,,左右,single_source_cjkvi,167,17,17,agree,T3
PENC_245,183164,U+2CB7C,𬭼,7945,三级,17,1404,provisional,REVIEW_REQUIRED,,,左右,single_source_cjkvi,167,17,17,agree,T3
PENC_246,183217,U+2CBB1,𬮱,7421,三级,12,1457,provisional,REVIEW_REQUIRED,,,上三包,single_source_cjkvi,169,12,12,agree,T3
PENC_247,183231,U+2CBBF,𬮿,6737,三级,8,1471,provisional,REVIEW_REQUIRED,,,左右,single_source_cjkvi,170,9,8,diff,T3
PENC_248,183232,U+2CBC0,𬯀,6739,三级,8,1472,provisional,REVIEW_REQUIRED,,,左右,single_source_cjkvi,170,9,8,diff,T3
PENC_249,183246,U+2CBCE,𬯎,7260,三级,11,1486,provisional,REVIEW_REQUIRED,,,左右,single_source_cjkvi,170,12,11,diff,T3
PENC_250,183382,U+2CC56,𬱖,7161,三级,11,1622,provisional,REVIEW_REQUIRED,,,左右,single_source_cjkvi,181,11,11,agree,T3
PENC_251,183391,U+2CC5F,𬱟,7405,三级,12,1631,provisional,REVIEW_REQUIRED,,,左右,single_source_cjkvi,181,12,12,agree,T3
PENC_252,183541,U+2CCF5,𬳵,6747,三级,8,1781,provisional,REVIEW_REQUIRED,,,左右,single_source_cjkvi,187,8,8,agree,T3
PENC_253,183542,U+2CCF6,𬳶,6749,三级,8,1782,provisional,REVIEW_REQUIRED,,,左右,single_source_cjkvi,187,8,8,agree,T3
PENC_254,183549,U+2CCFD,𬳽,6920,三级,9,1789,provisional,REVIEW_REQUIRED,,,左右,single_source_cjkvi,187,9,9,agree,T3
PENC_255,183551,U+2CCFF,𬳿,7093,三级,10,1791,provisional,REVIEW_REQUIRED,,,左右,single_source_cjkvi,187,10,10,agree,T3
PENC_256,183554,U+2CD02,𬴂,7275,三级,11,1794,provisional,REVIEW_REQUIRED,,,左右,single_source_cjkvi,187,11,11,agree,T3
PENC_257,183555,U+2CD03,𬴃,7456,三级,12,1795,provisional,REVIEW_REQUIRED,,,左右,single_source_cjkvi,187,12,12,agree,T3
PENC_258,183562,U+2CD0A,𬴊,7831,三级,15,1802,provisional,REVIEW_REQUIRED,,,左右,single_source_cjkvi,187,15,15,agree,T3
PENC_259,183691,U+2CD8B,𬶋,7561,三级,13,1931,provisional,REVIEW_REQUIRED,,,左右,single_source_cjkvi,195,13,13,agree,T3
PENC_260,183693,U+2CD8D,𬶍,7562,三级,13,1933,provisional,REVIEW_REQUIRED,,,左右,single_source_cjkvi,195,13,13,agree,T3
PENC_261,183695,U+2CD8F,𬶏,7707,三级,14,1935,provisional,REVIEW_REQUIRED,,,左右,single_source_cjkvi,195,14,14,agree,T3
PENC_262,183696,U+2CD90,𬶐,7706,三级,14,1936,provisional,REVIEW_REQUIRED,,,左右,single_source_cjkvi,195,14,14,agree,T3
PENC_263,183711,U+2CD9F,𬶟,7961,三级,17,1951,provisional,REVIEW_REQUIRED,,,左右,single_source_cjkvi,195,17,17,agree,T3
PENC_264,183712,U+2CDA0,𬶠,7963,三级,17,1952,provisional,REVIEW_REQUIRED,,,左右,single_source_cjkvi,195,17,17,agree,T3
PENC_265,183720,U+2CDA8,𬶨,7974,三级,17,1960,provisional,REVIEW_REQUIRED,,,上下,single_source_cjkvi,195,17,17,agree,T3
PENC_266,183725,U+2CDAD,𬶭,8042,三级,19,1965,provisional,REVIEW_REQUIRED,,,左右,single_source_cjkvi,195,19,19,agree,T3
PENC_267,183726,U+2CDAE,𬶮,8062,三级,20,1966,provisional,REVIEW_REQUIRED,,,左右,single_source_cjkvi,195,20,20,agree,T3
PENC_268,183765,U+2CDD5,𬷕,7334,三级,12,2005,provisional,REVIEW_REQUIRED,,,左右,single_source_cjkvi,196,12,12,agree,T3
PENC_269,183832,U+2CE18,𬸘,7654,三级,14,24,provisional,REVIEW_REQUIRED,,,左右,single_source_cjkvi,196,14,14,agree,T3
PENC_270,183834,U+2CE1A,𬸚,7712,三级,14,26,provisional,REVIEW_REQUIRED,,,上下,single_source_cjkvi,196,14,14,agree,T3
PENC_271,183843,U+2CE23,𬸣,7824,三级,15,35,provisional,REVIEW_REQUIRED,,,上下,single_source_cjkvi,196,15,15,agree,T3
PENC_272,183846,U+2CE26,𬸦,7894,三级,16,38,provisional,REVIEW_REQUIRED,,,上下,single_source_cjkvi,196,16,16,agree,T3
PENC_273,183850,U+2CE2A,𬸪,7958,三级,17,42,provisional,REVIEW_REQUIRED,,,左右,single_source_cjkvi,196,17,17,agree,T3
PENC_274,183932,U+2CE7C,𬹼,7347,三级,12,124,provisional,REVIEW_REQUIRED,,,左右,single_source_cjkvi,211,12,12,agree,T3
PENC_275,183944,U+2CE88,𬺈,7855,三级,16,136,provisional,REVIEW_REQUIRED,,,左右,single_source_cjkvi,211,16,16,agree,T3
PENC_276,183955,U+2CE93,𬺓,8079,三级,21,147,provisional,REVIEW_REQUIRED,,,左右,single_source_cjkvi,211,21,21,agree,T3
