审核序号,清单编号,汉字,Unicode,8105序号,规范等级,原始分层,现有轨道,数据库笔画数,基线笔画数,Unihan总笔画,笔画对照状态,cjk-decomp结构,cjkvi结构,结构对照状态,Unihan康熙部首号,审核结构（填写）,审核拆解或部件（填写）,审核笔画数（填写）,审核部首（填写）,审核结论（填写）,审核说明（填写）,审核人（填写）,审核日期（填写）,证据边界,编码状态
1,PENC_001,㑇,U+3447,6602,三级,T1,provisional,7,7,7,agree,左右,左右,agree,9,,,,,,,,,人工审核项目证据；国家规范、Unihan及网络资料仅作对齐参考，不能自动覆盖审核结论。,不生成候选CNBE；不写入源表或数据库
2,PENC_002,㑊,U+344A,6700,三级,T1,provisional,8,8,8,agree,左右,左右,agree,9,,,,,,,,,人工审核项目证据；国家规范、Unihan及网络资料仅作对齐参考，不能自动覆盖审核结论。,不生成候选CNBE；不写入源表或数据库
3,PENC_003,㕮,U+356E,6592,三级,T1,provisional,7,7,7,agree,左右,左右,agree,30,,,,,,,,,人工审核项目证据；国家规范、Unihan及网络资料仅作对齐参考，不能自动覆盖审核结论。,不生成候选CNBE；不写入源表或数据库
4,PENC_004,㘎,U+360E,7936,三级,T2,provisional,17,17,18,diff,左右,左右,agree,30,,,,,,,,,人工审核项目证据；国家规范、Unihan及网络资料仅作对齐参考，不能自动覆盖审核结论。,不生成候选CNBE；不写入源表或数据库
5,PENC_005,㙍,U+364D,7118,三级,T1,provisional,11,11,11,agree,左右,左右,agree,32,,,,,,,,,人工审核项目证据；国家规范、Unihan及网络资料仅作对齐参考，不能自动覆盖审核结论。,不生成候选CNBE；不写入源表或数据库
6,PENC_006,㙘,U+3658,7292,三级,T1,provisional,12,12,12,agree,左右,左右,agree,32,,,,,,,,,人工审核项目证据；国家规范、Unihan及网络资料仅作对齐参考，不能自动覆盖审核结论。,不生成候选CNBE；不写入源表或数据库
7,PENC_007,㙦,U+3666,7698,三级,T1,provisional,14,14,14,agree,上下,上下,agree,32,,,,,,,,,人工审核项目证据；国家规范、Unihan及网络资料仅作对齐参考，不能自动覆盖审核结论。,不生成候选CNBE；不写入源表或数据库
8,PENC_008,㛃,U+36C3,6757,三级,T1,provisional,9,9,9,agree,上下,上下,agree,38,,,,,,,,,人工审核项目证据；国家规范、Unihan及网络资料仅作对齐参考，不能自动覆盖审核结论。,不生成候选CNBE；不写入源表或数据库
9,PENC_009,㛚,U+36DA,7088,三级,T1,provisional,10,10,10,agree,左右,左右,agree,38,,,,,,,,,人工审核项目证据；国家规范、Unihan及网络资料仅作对齐参考，不能自动覆盖审核结论。,不生成候选CNBE；不写入源表或数据库
10,PENC_010,㛹,U+36F9,7450,三级,T1,provisional,12,12,12,agree,左右,左右,agree,38,,,,,,,,,人工审核项目证据；国家规范、Unihan及网络资料仅作对齐参考，不能自动覆盖审核结论。,不生成候选CNBE；不写入源表或数据库
11,PENC_011,㟃,U+37C3,6686,三级,T1,provisional,8,8,8,agree,左右,左右,agree,46,,,,,,,,,人工审核项目证据；国家规范、Unihan及网络资料仅作对齐参考，不能自动覆盖审核结论。,不生成候选CNBE；不写入源表或数据库
12,PENC_012,㠇,U+3807,7782,三级,T1,provisional,15,15,15,agree,上下,上下,agree,46,,,,,,,,,人工审核项目证据；国家规范、Unihan及网络资料仅作对齐参考，不能自动覆盖审核结论。,不生成候选CNBE；不写入源表或数据库
13,PENC_013,㠓,U+3813,7868,三级,T1,provisional,16,16,16,agree,左右,左右,agree,46,,,,,,,,,人工审核项目证据；国家规范、Unihan及网络资料仅作对齐参考，不能自动覆盖审核结论。,不生成候选CNBE；不写入源表或数据库
14,PENC_014,㤘,U+3918,4031,二级,T1,provisional,8,8,8,agree,左右,左右,agree,61,,,,,,,,,人工审核项目证据；国家规范、Unihan及网络资料仅作对齐参考，不能自动覆盖审核结论。,不生成候选CNBE；不写入源表或数据库
15,PENC_015,㥄,U+3944,7242,三级,T1,provisional,11,11,11,agree,左右,左右,agree,61,,,,,,,,,人工审核项目证据；国家规范、Unihan及网络资料仅作对齐参考，不能自动覆盖审核结论。,不生成候选CNBE；不写入源表或数据库
16,PENC_016,㧐,U+39D0,3658,二级,T1,provisional,7,7,7,agree,左右,左右,agree,64,,,,,,,,,人工审核项目证据；国家规范、Unihan及网络资料仅作对齐参考，不能自动覆盖审核结论。,不生成候选CNBE；不写入源表或数据库
17,PENC_017,㧑,U+39D1,6567,三级,T1,provisional,7,7,7,agree,左右,左右,agree,64,,,,,,,,,人工审核项目证据；国家规范、Unihan及网络资料仅作对齐参考，不能自动覆盖审核结论。,不生成候选CNBE；不写入源表或数据库
18,PENC_018,㧟,U+39DF,3848,二级,T1,provisional,8,8,8,agree,左右,左右,agree,64,,,,,,,,,人工审核项目证据；国家规范、Unihan及网络资料仅作对齐参考，不能自动覆盖审核结论。,不生成候选CNBE；不写入源表或数据库
19,PENC_019,㫰,U+3AF0,7158,三级,T1,provisional,11,11,11,agree,左右,左右,agree,72,,,,,,,,,人工审核项目证据；国家规范、Unihan及网络资料仅作对齐参考，不能自动覆盖审核结论。,不生成候选CNBE；不写入源表或数据库
20,PENC_020,㬊,U+3B0A,7520,三级,T1,provisional,13,13,13,agree,上下,上下,agree,72,,,,,,,,,人工审核项目证据；国家规范、Unihan及网络资料仅作对齐参考，不能自动覆盖审核结论。,不生成候选CNBE；不写入源表或数据库
21,PENC_021,㬎,U+3B0E,7672,三级,T0,standard,14,14,14,agree,上下,上下,complete_in_db,72,,,,,,,,,人工审核项目证据；国家规范、Unihan及网络资料仅作对齐参考，不能自动覆盖审核结论。,不生成候选CNBE；不写入源表或数据库
22,PENC_022,㬚,U+3B1A,7862,三级,T4,provisional,16,16,16,agree,左右,左中右,disagree,72,,,,,,,,,人工审核项目证据；国家规范、Unihan及网络资料仅作对齐参考，不能自动覆盖审核结论。,不生成候选CNBE；不写入源表或数据库
23,PENC_023,㭎,U+3B4E,6664,三级,T1,provisional,8,8,8,agree,左右,左右,agree,75,,,,,,,,,人工审核项目证据；国家规范、Unihan及网络资料仅作对齐参考，不能自动覆盖审核结论。,不生成候选CNBE；不写入源表或数据库
24,PENC_024,㭕,U+3B55,6797,三级,T1,provisional,9,9,9,agree,左右,左右,agree,75,,,,,,,,,人工审核项目证据；国家规范、Unihan及网络资料仅作对齐参考，不能自动覆盖审核结论。,不生成候选CNBE；不写入源表或数据库
25,PENC_025,㮾,U+3BBE,7736,三级,T2,provisional,14,14,15,diff,上下,上下,agree,75,,,,,,,,,人工审核项目证据；国家规范、Unihan及网络资料仅作对齐参考，不能自动覆盖审核结论。,不生成候选CNBE；不写入源表或数据库
26,PENC_026,㰀,U+3C00,8032,三级,T1,provisional,19,19,19,agree,左右,左右,agree,75,,,,,,,,,人工审核项目证据；国家规范、Unihan及网络资料仅作对齐参考，不能自动覆盖审核结论。,不生成候选CNBE；不写入源表或数据库
27,PENC_027,㳇,U+3CC7,6618,三级,T1,provisional,7,7,7,agree,左右,左右,agree,85,,,,,,,,,人工审核项目证据；国家规范、Unihan及网络资料仅作对齐参考，不能自动覆盖审核结论。,不生成候选CNBE；不写入源表或数据库
28,PENC_028,㳘,U+3CD8,6896,三级,T1,provisional,9,9,9,agree,左右,左右,agree,85,,,,,,,,,人工审核项目证据；国家规范、Unihan及网络资料仅作对齐参考，不能自动覆盖审核结论。,不生成候选CNBE；不写入源表或数据库
29,PENC_029,㳚,U+3CDA,6884,三级,T1,provisional,9,9,9,agree,左右,左右,agree,85,,,,,,,,,人工审核项目证据；国家规范、Unihan及网络资料仅作对齐参考，不能自动覆盖审核结论。,不生成候选CNBE；不写入源表或数据库
30,PENC_030,㴔,U+3D14,7431,三级,T1,provisional,12,12,12,agree,左右,左右,agree,85,,,,,,,,,人工审核项目证据；国家规范、Unihan及网络资料仅作对齐参考，不能自动覆盖审核结论。,不生成候选CNBE；不写入源表或数据库
31,PENC_031,㵐,U+3D50,7815,三级,T1,provisional,15,15,15,agree,左右,左右,agree,85,,,,,,,,,人工审核项目证据；国家规范、Unihan及网络资料仅作对齐参考，不能自动覆盖审核结论。,不生成候选CNBE；不写入源表或数据库
32,PENC_032,㶲,U+3DB2,6879,三级,T1,provisional,9,9,9,agree,左右,左右,agree,86,,,,,,,,,人工审核项目证据；国家规范、Unihan及网络资料仅作对齐参考，不能自动覆盖审核结论。,不生成候选CNBE；不写入源表或数据库
33,PENC_033,㸆,U+3E06,6411,二级,T1,provisional,19,19,19,agree,左右,左右,agree,86,,,,,,,,,人工审核项目证据；国家规范、Unihan及网络资料仅作对齐参考，不能自动覆盖审核结论。,不生成候选CNBE；不写入源表或数据库
34,PENC_034,㸌,U+3E0C,8064,三级,T1,provisional,20,20,20,agree,左右,左右,agree,86,,,,,,,,,人工审核项目证据；国家规范、Unihan及网络资料仅作对齐参考，不能自动覆盖审核结论。,不生成候选CNBE；不写入源表或数据库
35,PENC_035,㺄,U+3E84,7410,三级,T1,provisional,12,12,12,agree,左右,左右,agree,94,,,,,,,,,人工审核项目证据；国家规范、Unihan及网络资料仅作对齐参考，不能自动覆盖审核结论。,不生成候选CNBE；不写入源表或数据库
36,PENC_036,㻬,U+3EEC,7747,三级,T1,provisional,15,15,15,agree,左右,左右,agree,96,,,,,,,,,人工审核项目证据；国家规范、Unihan及网络资料仅作对齐参考，不能自动覆盖审核结论。,不生成候选CNBE；不写入源表或数据库
37,PENC_037,㽏,U+3F4F,7729,三级,T1,provisional,14,14,14,agree,上下,上下,agree,99,,,,,,,,,人工审核项目证据；国家规范、Unihan及网络资料仅作对齐参考，不能自动覆盖审核结论。,不生成候选CNBE；不写入源表或数据库
38,PENC_038,㿠,U+3FE0,7198,三级,T1,provisional,11,11,11,agree,左右,左右,agree,106,,,,,,,,,人工审核项目证据；国家规范、Unihan及网络资料仅作对齐参考，不能自动覆盖审核结论。,不生成候选CNBE；不写入源表或数据库
39,PENC_039,䁖,U+4056,5693,二级,T1,provisional,14,14,14,agree,左右,左右,agree,109,,,,,,,,,人工审核项目证据；国家规范、Unihan及网络资料仅作对齐参考，不能自动覆盖审核结论。,不生成候选CNBE；不写入源表或数据库
40,PENC_040,䂮,U+40AE,7098,三级,T1,provisional,11,11,11,agree,上下,上下,agree,112,,,,,,,,,人工审核项目证据；国家规范、Unihan及网络资料仅作对齐参考，不能自动覆盖审核结论。,不生成候选CNBE；不写入源表或数据库
41,PENC_041,䃅,U+40C5,7508,三级,T1,provisional,13,13,13,agree,左右,左右,agree,112,,,,,,,,,人工审核项目证据；国家规范、Unihan及网络资料仅作对齐参考，不能自动覆盖审核结论。,不生成候选CNBE；不写入源表或数据库
42,PENC_042,䃎,U+40CE,7660,三级,T1,provisional,14,14,14,agree,左右,左右,agree,112,,,,,,,,,人工审核项目证据；国家规范、Unihan及网络资料仅作对齐参考，不能自动覆盖审核结论。,不生成候选CNBE；不写入源表或数据库
43,PENC_043,䅟,U+415F,7540,三级,T1,provisional,13,13,13,agree,左右,左右,agree,115,,,,,,,,,人工审核项目证据；国家规范、Unihan及网络资料仅作对齐参考，不能自动覆盖审核结论。,不生成候选CNBE；不写入源表或数据库
44,PENC_044,䌹,U+4339,6750,三级,T2,provisional,8,8,11,diff,左右,左右,agree,120,,,,,,,,,人工审核项目证据；国家规范、Unihan及网络资料仅作对齐参考，不能自动覆盖审核结论。,不生成候选CNBE；不写入源表或数据库
45,PENC_045,䎃,U+4383,7169,三级,T1,provisional,11,11,11,agree,左右,左右,agree,124,,,,,,,,,人工审核项目证据；国家规范、Unihan及网络资料仅作对齐参考，不能自动覆盖审核结论。,不生成候选CNBE；不写入源表或数据库
46,PENC_046,䎖,U+4396,8024,三级,T1,provisional,18,18,18,agree,左右,左右,agree,124,,,,,,,,,人工审核项目证据；国家规范、Unihan及网络资料仅作对齐参考，不能自动覆盖审核结论。,不生成候选CNBE；不写入源表或数据库
47,PENC_047,䏝,U+43DD,3978,二级,T1,provisional,8,8,8,agree,左右,左右,agree,130,,,,,,,,,人工审核项目证据；国家规范、Unihan及网络资料仅作对齐参考，不能自动覆盖审核结论。,不生成候选CNBE；不写入源表或数据库
48,PENC_048,䏡,U+43E1,6865,三级,T1,provisional,9,9,9,agree,左右,左右,agree,130,,,,,,,,,人工审核项目证据；国家规范、Unihan及网络资料仅作对齐参考，不能自动覆盖审核结论。,不生成候选CNBE；不写入源表或数据库
49,PENC_049,䏲,U+43F2,7213,三级,T1,provisional,11,11,11,agree,左右,左右,agree,130,,,,,,,,,人工审核项目证据；国家规范、Unihan及网络资料仅作对齐参考，不能自动覆盖审核结论。,不生成候选CNBE；不写入源表或数据库
50,PENC_050,䐃,U+4403,7402,三级,T1,provisional,12,12,12,agree,左右,左右,agree,130,,,,,,,,,人工审核项目证据；国家规范、Unihan及网络资料仅作对齐参考，不能自动覆盖审核结论。,不生成候选CNBE；不写入源表或数据库
51,PENC_051,䓖,U+44D6,6955,三级,T2,provisional,10,10,11,diff,上下,上下,agree,140,,,,,,,,,人工审核项目证据；国家规范、Unihan及网络资料仅作对齐参考，不能自动覆盖审核结论。,不生成候选CNBE；不写入源表或数据库
52,PENC_052,䓛,U+44DB,7134,三级,T2,provisional,11,11,12,diff,上下,上下,agree,140,,,,,,,,,人工审核项目证据；国家规范、Unihan及网络资料仅作对齐参考，不能自动覆盖审核结论。,不生成候选CNBE；不写入源表或数据库
53,PENC_053,䓨,U+44E8,7132,三级,T2,provisional,11,11,12,diff,上下,上下,agree,140,,,,,,,,,人工审核项目证据；国家规范、Unihan及网络资料仅作对齐参考，不能自动覆盖审核结论。,不生成候选CNBE；不写入源表或数据库
54,PENC_054,䓫,U+44EB,7124,三级,T2,provisional,11,11,12,diff,上下,上下,agree,140,,,,,,,,,人工审核项目证据；国家规范、Unihan及网络资料仅作对齐参考，不能自动覆盖审核结论。,不生成候选CNBE；不写入源表或数据库
55,PENC_055,䓬,U+44EC,7126,三级,T2,provisional,11,11,12,diff,上下,上下,agree,140,,,,,,,,,人工审核项目证据；国家规范、Unihan及网络资料仅作对齐参考，不能自动覆盖审核结论。,不生成候选CNBE；不写入源表或数据库
56,PENC_056,䗖,U+45D6,7772,三级,T1,provisional,15,15,15,agree,左右,左右,agree,142,,,,,,,,,人工审核项目证据；国家规范、Unihan及网络资料仅作对齐参考，不能自动覆盖审核结论。,不生成候选CNBE；不写入源表或数据库
57,PENC_057,䗛,U+45DB,7865,三级,T1,provisional,16,16,16,agree,左右,左右,agree,142,,,,,,,,,人工审核项目证据；国家规范、Unihan及网络资料仅作对齐参考，不能自动覆盖审核结论。,不生成候选CNBE；不写入源表或数据库
58,PENC_058,䗪,U+45EA,7970,三级,T1,provisional,17,17,17,agree,左上包,左上包,agree,142,,,,,,,,,人工审核项目证据；国家规范、Unihan及网络资料仅作对齐参考，不能自动覆盖审核结论。,不生成候选CNBE；不写入源表或数据库
59,PENC_059,䗴,U+45F4,8000,三级,T2,provisional,18,18,19,diff,左右,左右,agree,142,,,,,,,,,人工审核项目证据；国家规范、Unihan及网络资料仅作对齐参考，不能自动覆盖审核结论。,不生成候选CNBE；不写入源表或数据库
60,PENC_060,䜣,U+4723,6549,三级,T2,provisional,6,6,11,diff,左右,左右,agree,149,,,,,,,,,人工审核项目证据；国家规范、Unihan及网络资料仅作对齐参考，不能自动覆盖审核结论。,不生成候选CNBE；不写入源表或数据库
61,PENC_061,䝙,U+4759,7209,三级,T1,provisional,11,11,11,agree,左右,左右,agree,153,,,,,,,,,人工审核项目证据；国家规范、Unihan及网络资料仅作对齐参考，不能自动覆盖审核结论。,不生成候选CNBE；不写入源表或数据库
62,PENC_062,䢺,U+48BA,6633,三级,T2,provisional,7,7,8,diff,左右,左右,agree,163,,,,,,,,,人工审核项目证据；国家规范、Unihan及网络资料仅作对齐参考，不能自动覆盖审核结论。,不生成候选CNBE；不写入源表或数据库
63,PENC_063,䢼,U+48BC,6657,三级,T2,provisional,8,8,9,diff,左右,左右,agree,163,,,,,,,,,人工审核项目证据；国家规范、Unihan及网络资料仅作对齐参考，不能自动覆盖审核结论。,不生成候选CNBE；不写入源表或数据库
64,PENC_064,䣘,U+48D8,7516,三级,T2,provisional,13,13,14,diff,左右,左右,agree,163,,,,,,,,,人工审核项目证据；国家规范、Unihan及网络资料仅作对齐参考，不能自动覆盖审核结论。,不生成候选CNBE；不写入源表或数据库
65,PENC_065,䥽,U+497D,4546,二级,T2,provisional,10,10,13,diff,左右,左右,agree,167,,,,,,,,,人工审核项目证据；国家规范、Unihan及网络资料仅作对齐参考，不能自动覆盖审核结论。,不生成候选CNBE；不写入源表或数据库
66,PENC_066,䦃,U+4983,6111,二级,T2,provisional,16,16,20,diff,左右,左右,agree,167,,,,,,,,,人工审核项目证据；国家规范、Unihan及网络资料仅作对齐参考，不能自动覆盖审核结论。,不生成候选CNBE；不写入源表或数据库
67,PENC_067,䲟,U+4C9F,7560,三级,T2,provisional,13,13,16,diff,左右,左右,agree,195,,,,,,,,,人工审核项目证据；国家规范、Unihan及网络资料仅作对齐参考，不能自动覆盖审核结论。,不生成候选CNBE；不写入源表或数据库
68,PENC_068,䲠,U+4CA0,7960,三级,T2,provisional,17,17,20,diff,左右,左右,agree,195,,,,,,,,,人工审核项目证据；国家规范、Unihan及网络资料仅作对齐参考，不能自动覆盖审核结论。,不生成候选CNBE；不写入源表或数据库
69,PENC_069,䲢,U+4CA2,8014,三级,T2,provisional,18,18,21,diff,左右,左右,agree,195,,,,,,,,,人工审核项目证据；国家规范、Unihan及网络资料仅作对齐参考，不能自动覆盖审核结论。,不生成候选CNBE；不写入源表或数据库
70,PENC_070,䴓,U+4D13,6806,三级,T2,provisional,9,9,15,diff,左右,左右,agree,196,,,,,,,,,人工审核项目证据；国家规范、Unihan及网络资料仅作对齐参考，不能自动覆盖审核结论。,不生成候选CNBE；不写入源表或数据库
71,PENC_071,䴔,U+4D14,7224,三级,T2,provisional,11,11,17,diff,左右,左右,agree,196,,,,,,,,,人工审核项目证据；国家规范、Unihan及网络资料仅作对齐参考，不能自动覆盖审核结论。,不生成候选CNBE；不写入源表或数据库
72,PENC_072,䴕,U+4D15,7152,三级,T2,provisional,11,11,17,diff,上下,上下,agree,196,,,,,,,,,人工审核项目证据；国家规范、Unihan及网络资料仅作对齐参考，不能自动覆盖审核结论。,不生成候选CNBE；不写入源表或数据库
73,PENC_073,䴖,U+4D16,7465,三级,T2,provisional,13,13,19,diff,左右,左右,agree,196,,,,,,,,,人工审核项目证据；国家规范、Unihan及网络资料仅作对齐参考，不能自动覆盖审核结论。,不生成候选CNBE；不写入源表或数据库
74,PENC_074,䴗,U+4D17,7668,三级,T2,provisional,14,14,20,diff,左右,左右,agree,196,,,,,,,,,人工审核项目证据；国家规范、Unihan及网络资料仅作对齐参考，不能自动覆盖审核结论。,不生成候选CNBE；不写入源表或数据库
75,PENC_075,䴘,U+4D18,7795,三级,T2,provisional,15,15,21,diff,左右,左右,agree,196,,,,,,,,,人工审核项目证据；国家规范、Unihan及网络资料仅作对齐参考，不能自动覆盖审核结论。,不生成候选CNBE；不写入源表或数据库
76,PENC_076,䴙,U+4D19,8029,三级,T2,provisional,18,18,24,diff,左右,左右,agree,196,,,,,,,,,人工审核项目证据；国家规范、Unihan及网络资料仅作对齐参考，不能自动覆盖审核结论。,不生成候选CNBE；不写入源表或数据库
77,PENC_077,䶮,U+4DAE,6814,三级,T1,provisional,9,9,9,agree,上下,上下,agree,212,,,,,,,,,人工审核项目证据；国家规范、Unihan及网络资料仅作对齐参考，不能自动覆盖审核结论。,不生成候选CNBE；不写入源表或数据库
78,PENC_078,鿍,U+9FCD,6774,三级,T3,provisional,9,9,9,agree,缺失,左右,single_source_cjkvi,32,,,,,,,,,人工审核项目证据；国家规范、Unihan及网络资料仅作对齐参考，不能自动覆盖审核结论。,不生成候选CNBE；不写入源表或数据库
79,PENC_079,鿎,U+9FCE,7146,三级,T3,provisional,11,11,11,agree,缺失,左右,single_source_cjkvi,112,,,,,,,,,人工审核项目证据；国家规范、Unihan及网络资料仅作对齐参考，不能自动覆盖审核结论。,不生成候选CNBE；不写入源表或数据库
80,PENC_080,鿏,U+9FCF,7373,三级,T3,provisional,12,12,12,agree,缺失,左右,single_source_cjkvi,167,,,,,,,,,人工审核项目证据；国家规范、Unihan及网络资料仅作对齐参考，不能自动覆盖审核结论。,不生成候选CNBE；不写入源表或数据库
81,PENC_081,𠅤,U+20164,7219,三级,T1,provisional,11,11,11,agree,上下,上下,agree,8,,,,,,,,,人工审核项目证据；国家规范、Unihan及网络资料仅作对齐参考，不能自动覆盖审核结论。,不生成候选CNBE；不写入源表或数据库
82,PENC_082,𠙶,U+20676,6506,三级,T4,provisional,4,4,4,agree,左上包,下三包,disagree,17,,,,,,,,,人工审核项目证据；国家规范、Unihan及网络资料仅作对齐参考，不能自动覆盖审核结论。,不生成候选CNBE；不写入源表或数据库
83,PENC_083,𠳐,U+20CD0,4190,二级,T2,provisional,9,9,10,diff,左右,左右,agree,30,,,,,,,,,人工审核项目证据；国家规范、Unihan及网络资料仅作对齐参考，不能自动覆盖审核结论。,不生成候选CNBE；不写入源表或数据库
84,PENC_084,𡎚,U+2139A,7300,三级,T1,provisional,12,12,12,agree,左右,左右,agree,32,,,,,,,,,人工审核项目证据；国家规范、Unihan及网络资料仅作对齐参考，不能自动覆盖审核结论。,不生成候选CNBE；不写入源表或数据库
85,PENC_085,𡐓,U+21413,7635,三级,T1,provisional,14,14,14,agree,左右,左右,agree,32,,,,,,,,,人工审核项目证据；国家规范、Unihan及网络资料仅作对齐参考，不能自动覆盖审核结论。,不生成候选CNBE；不写入源表或数据库
86,PENC_086,𣗋,U+235CB,7650,三级,T1,provisional,14,14,14,agree,左右,左右,agree,75,,,,,,,,,人工审核项目证据；国家规范、Unihan及网络资料仅作对齐参考，不能自动覆盖审核结论。,不生成候选CNBE；不写入源表或数据库
87,PENC_087,𣲗,U+23C97,6613,三级,T1,provisional,7,7,7,agree,左右,左右,agree,85,,,,,,,,,人工审核项目证据；国家规范、Unihan及网络资料仅作对齐参考，不能自动覆盖审核结论。,不生成候选CNBE；不写入源表或数据库
88,PENC_088,𣲘,U+23C98,6612,三级,T1,provisional,7,7,7,agree,左右,左右,agree,85,,,,,,,,,人工审核项目证据；国家规范、Unihan及网络资料仅作对齐参考，不能自动覆盖审核结论。,不生成候选CNBE；不写入源表或数据库
89,PENC_089,𣸣,U+23E23,7425,三级,T1,provisional,12,12,12,agree,左右,左右,agree,85,,,,,,,,,人工审核项目证据；国家规范、Unihan及网络资料仅作对齐参考，不能自动覆盖审核结论。,不生成候选CNBE；不写入源表或数据库
90,PENC_090,𤧛,U+249DB,7470,三级,T1,provisional,13,13,13,agree,左右,左右,agree,96,,,,,,,,,人工审核项目证据；国家规范、Unihan及网络资料仅作对齐参考，不能自动覆盖审核结论。,不生成候选CNBE；不写入源表或数据库
91,PENC_091,𤩽,U+24A7D,7918,三级,T1,provisional,17,17,17,agree,左右,左右,agree,96,,,,,,,,,人工审核项目证据；国家规范、Unihan及网络资料仅作对齐参考，不能自动覆盖审核结论。,不生成候选CNBE；不写入源表或数据库
92,PENC_092,𤫉,U+24AC9,8075,三级,T1,provisional,21,21,21,agree,左右,左右,agree,96,,,,,,,,,人工审核项目证据；国家规范、Unihan及网络资料仅作对齐参考，不能自动覆盖审核结论。,不生成候选CNBE；不写入源表或数据库
93,PENC_093,𥔲,U+25532,7663,三级,T2,provisional,14,14,15,diff,左右,左右,agree,112,,,,,,,,,人工审核项目证据；国家规范、Unihan及网络资料仅作对齐参考，不能自动覆盖审核结论。,不生成候选CNBE；不写入源表或数据库
94,PENC_094,𥕢,U+25562,7851,三级,T1,provisional,16,16,16,agree,左右,左右,agree,112,,,,,,,,,人工审核项目证据；国家规范、Unihan及网络资料仅作对齐参考，不能自动覆盖审核结论。,不生成候选CNBE；不写入源表或数据库
95,PENC_095,𥖨,U+255A8,7996,三级,T1,provisional,18,18,18,agree,左右,左右,agree,112,,,,,,,,,人工审核项目证据；国家规范、Unihan及网络资料仅作对齐参考，不能自动覆盖审核结论。,不生成候选CNBE；不写入源表或数据库
96,PENC_096,𥻗,U+25ED7,5989,二级,T1,provisional,15,15,15,agree,左右,左右,agree,119,,,,,,,,,人工审核项目证据；国家规范、Unihan及网络资料仅作对齐参考，不能自动覆盖审核结论。,不生成候选CNBE；不写入源表或数据库
97,PENC_097,𦈡,U+26221,7979,三级,T1,provisional,17,17,17,agree,左右,左右,agree,120,,,,,,,,,人工审核项目证据；国家规范、Unihan及网络资料仅作对齐参考，不能自动覆盖审核结论。,不生成候选CNBE；不写入源表或数据库
98,PENC_098,𦒍,U+2648D,8020,三级,T1,provisional,18,18,18,agree,左右,左右,agree,124,,,,,,,,,人工审核项目证据；国家规范、Unihan及网络资料仅作对齐参考，不能自动覆盖审核结论。,不生成候选CNBE；不写入源表或数据库
99,PENC_099,𦙶,U+26676,6867,三级,T1,provisional,9,9,9,agree,左右,左右,agree,130,,,,,,,,,人工审核项目证据；国家规范、Unihan及网络资料仅作对齐参考，不能自动覆盖审核结论。,不生成候选CNBE；不写入源表或数据库
100,PENC_100,𦝼,U+2677C,7568,三级,T1,provisional,13,13,13,agree,左右,左右,agree,130,,,,,,,,,人工审核项目证据；国家规范、Unihan及网络资料仅作对齐参考，不能自动覆盖审核结论。,不生成候选CNBE；不写入源表或数据库
101,PENC_101,𦭜,U+26B5C,6658,三级,T2,provisional,8,8,9,diff,上下,上下,agree,140,,,,,,,,,人工审核项目证据；国家规范、Unihan及网络资料仅作对齐参考，不能自动覆盖审核结论。,不生成候选CNBE；不写入源表或数据库
102,PENC_102,𦰡,U+26C21,6794,三级,T2,provisional,9,9,11,diff,上下,上下,agree,140,,,,,,,,,人工审核项目证据；国家规范、Unihan及网络资料仅作对齐参考，不能自动覆盖审核结论。,不生成候选CNBE；不写入源表或数据库
103,PENC_103,𧿹,U+27FF9,7354,三级,T1,provisional,12,12,12,agree,左右,左右,agree,157,,,,,,,,,人工审核项目证据；国家规范、Unihan及网络资料仅作对齐参考，不能自动覆盖审核结论。,不生成候选CNBE；不写入源表或数据库
104,PENC_104,𨐈,U+28408,6976,三级,T1,provisional,10,10,10,agree,左右,左右,agree,159,,,,,,,,,人工审核项目证据；国家规范、Unihan及网络资料仅作对齐参考，不能自动覆盖审核结论。,不生成候选CNBE；不写入源表或数据库
105,PENC_105,𨙸,U+28678,6529,三级,T1,provisional,6,6,6,agree,左右,左右,agree,163,,,,,,,,,人工审核项目证据；国家规范、Unihan及网络资料仅作对齐参考，不能自动覆盖审核结论。,不生成候选CNBE；不写入源表或数据库
106,PENC_106,𨚕,U+28695,6637,三级,T1,provisional,7,7,7,agree,左右,左右,agree,163,,,,,,,,,人工审核项目证据；国家规范、Unihan及网络资料仅作对齐参考，不能自动覆盖审核结论。,不生成候选CNBE；不写入源表或数据库
107,PENC_107,𨟠,U+287E0,8057,三级,T1,provisional,20,20,20,agree,左右,左右,agree,163,,,,,,,,,人工审核项目证据；国家规范、Unihan及网络资料仅作对齐参考，不能自动覆盖审核结论。,不生成候选CNBE；不写入源表或数据库
108,PENC_108,𨭉,U+28B49,8063,三级,T1,provisional,20,20,20,agree,上下,上下,agree,167,,,,,,,,,人工审核项目证据；国家规范、Unihan及网络资料仅作对齐参考，不能自动覆盖审核结论。,不生成候选CNBE；不写入源表或数据库
109,PENC_109,𨱇,U+28C47,7377,三级,T1,provisional,12,12,12,agree,左右,左右,agree,167,,,,,,,,,人工审核项目证据；国家规范、Unihan及网络资料仅作对齐参考，不能自动覆盖审核结论。,不生成候选CNBE；不写入源表或数据库
110,PENC_110,𨱏,U+28C4F,7678,三级,T2,provisional,14,14,15,diff,左右,左右,agree,167,,,,,,,,,人工审核项目证据；国家规范、Unihan及网络资料仅作对齐参考，不能自动覆盖审核结论。,不生成候选CNBE；不写入源表或数据库
111,PENC_111,𨱑,U+28C51,7873,三级,T2,provisional,16,16,17,diff,左右,左右,agree,167,,,,,,,,,人工审核项目证据；国家规范、Unihan及网络资料仅作对齐参考，不能自动覆盖审核结论。,不生成候选CNBE；不写入源表或数据库
112,PENC_112,𨱔,U+28C54,7944,三级,T1,provisional,17,17,17,agree,左右,左右,agree,167,,,,,,,,,人工审核项目证据；国家规范、Unihan及网络资料仅作对齐参考，不能自动覆盖审核结论。,不生成候选CNBE；不写入源表或数据库
113,PENC_113,𨺙,U+28E99,7084,三级,T1,provisional,10,10,10,agree,左右,左右,agree,170,,,,,,,,,人工审核项目证据；国家规范、Unihan及网络资料仅作对齐参考，不能自动覆盖审核结论。,不生成候选CNBE；不写入源表或数据库
114,PENC_114,𩽾,U+29F7E,7708,三级,T1,provisional,14,14,14,agree,左右,左右,agree,195,,,,,,,,,人工审核项目证据；国家规范、Unihan及网络资料仅作对齐参考，不能自动覆盖审核结论。,不生成候选CNBE；不写入源表或数据库
115,PENC_115,𩾃,U+29F83,7799,三级,T1,provisional,15,15,15,agree,左右,左右,agree,195,,,,,,,,,人工审核项目证据；国家规范、Unihan及网络资料仅作对齐参考，不能自动覆盖审核结论。,不生成候选CNBE；不写入源表或数据库
116,PENC_116,𩾌,U+29F8C,8043,三级,T1,provisional,19,19,19,agree,左右,左右,agree,195,,,,,,,,,人工审核项目证据；国家规范、Unihan及网络资料仅作对齐参考，不能自动覆盖审核结论。,不生成候选CNBE；不写入源表或数据库
117,PENC_117,𪟝,U+2A7DD,6932,三级,T1,provisional,10,10,10,agree,左右,左右,agree,19,,,,,,,,,人工审核项目证据；国家规范、Unihan及网络资料仅作对齐参考，不能自动覆盖审核结论。,不生成候选CNBE；不写入源表或数据库
118,PENC_118,𪣻,U+2A8FB,7299,三级,T1,provisional,12,12,12,agree,左右,左右,agree,32,,,,,,,,,人工审核项目证据；国家规范、Unihan及网络资料仅作对齐参考，不能自动覆盖审核结论。,不生成候选CNBE；不写入源表或数据库
119,PENC_119,𪤗,U+2A917,7638,三级,T1,provisional,14,14,14,agree,左右,左右,agree,32,,,,,,,,,人工审核项目证据；国家规范、Unihan及网络资料仅作对齐参考，不能自动覆盖审核结论。,不生成候选CNBE；不写入源表或数据库
120,PENC_120,𪨰,U+2AA30,6839,三级,T1,provisional,9,9,9,agree,左右,左右,agree,46,,,,,,,,,人工审核项目证据；国家规范、Unihan及网络资料仅作对齐参考，不能自动覆盖审核结论。,不生成候选CNBE；不写入源表或数据库
121,PENC_121,𪨶,U+2AA36,6999,三级,T4,provisional,10,10,10,agree,上下,上中下,disagree,46,,,,,,,,,人工审核项目证据；国家规范、Unihan及网络资料仅作对齐参考，不能自动覆盖审核结论。,不生成候选CNBE；不写入源表或数据库
122,PENC_122,𪩘,U+2AA58,7870,三级,T1,provisional,16,16,16,agree,左右,左右,agree,46,,,,,,,,,人工审核项目证据；国家规范、Unihan及网络资料仅作对齐参考，不能自动覆盖审核结论。,不生成候选CNBE；不写入源表或数据库
123,PENC_123,𪾢,U+2AFA2,6820,三级,T1,provisional,9,9,9,agree,左右,左右,agree,109,,,,,,,,,人工审核项目证据；国家规范、Unihan及网络资料仅作对齐参考，不能自动覆盖审核结论。,不生成候选CNBE；不写入源表或数据库
124,PENC_124,𫄧,U+2B127,6922,三级,T2,provisional,9,9,10,diff,左右,左右,agree,120,,,,,,,,,人工审核项目证据；国家规范、Unihan及网络资料仅作对齐参考，不能自动覆盖审核结论。,不生成候选CNBE；不写入源表或数据库
125,PENC_125,𫄨,U+2B128,7094,三级,T1,provisional,10,10,10,agree,左右,左右,agree,120,,,,,,,,,人工审核项目证据；国家规范、Unihan及网络资料仅作对齐参考，不能自动覆盖审核结论。,不生成候选CNBE；不写入源表或数据库
126,PENC_126,𫄷,U+2B137,7916,三级,T1,provisional,16,16,16,agree,左右,左右,agree,120,,,,,,,,,人工审核项目证据；国家规范、Unihan及网络资料仅作对齐参考，不能自动覆盖审核结论。,不生成候选CNBE；不写入源表或数据库
127,PENC_127,𫄸,U+2B138,7980,三级,T1,provisional,17,17,17,agree,左右,左右,agree,120,,,,,,,,,人工审核项目证据；国家规范、Unihan及网络资料仅作对齐参考，不能自动覆盖审核结论。,不生成候选CNBE；不写入源表或数据库
128,PENC_128,𫇭,U+2B1ED,6576,三级,T2,provisional,7,7,8,diff,上下,上下,agree,140,,,,,,,,,人工审核项目证据；国家规范、Unihan及网络资料仅作对齐参考，不能自动覆盖审核结论。,不生成候选CNBE；不写入源表或数据库
129,PENC_129,𫌀,U+2B300,7602,三级,T1,provisional,13,13,13,agree,左右,左右,agree,145,,,,,,,,,人工审核项目证据；国家规范、Unihan及网络资料仅作对齐参考，不能自动覆盖审核结论。,不生成候选CNBE；不写入源表或数据库
130,PENC_130,𫍣,U+2B363,6730,三级,T1,provisional,8,8,8,agree,左右,左右,agree,149,,,,,,,,,人工审核项目证据；国家规范、Unihan及网络资料仅作对齐参考，不能自动覆盖审核结论。,不生成候选CNBE；不写入源表或数据库
131,PENC_131,𫍯,U+2B36F,7250,三级,T1,provisional,11,11,11,agree,左右,左右,agree,149,,,,,,,,,人工审核项目证据；国家规范、Unihan及网络资料仅作对齐参考，不能自动覆盖审核结论。,不生成候选CNBE；不写入源表或数据库
132,PENC_132,𫍲,U+2B372,7255,三级,T1,provisional,11,11,11,agree,左右,左右,agree,149,,,,,,,,,人工审核项目证据；国家规范、Unihan及网络资料仅作对齐参考，不能自动覆盖审核结论。,不生成候选CNBE；不写入源表或数据库
133,PENC_133,𫍽,U+2B37D,7828,三级,T1,provisional,15,15,15,agree,左右,左右,agree,149,,,,,,,,,人工审核项目证据；国家规范、Unihan及网络资料仅作对齐参考，不能自动覆盖审核结论。,不生成候选CNBE；不写入源表或数据库
134,PENC_134,𫐄,U+2B404,6586,三级,T1,provisional,7,7,7,agree,左右,左右,agree,159,,,,,,,,,人工审核项目证据；国家规范、Unihan及网络资料仅作对齐参考，不能自动覆盖审核结论。,不生成候选CNBE；不写入源表或数据库
135,PENC_135,𫐐,U+2B410,7343,三级,T1,provisional,12,12,12,agree,左右,左右,agree,159,,,,,,,,,人工审核项目证据；国家规范、Unihan及网络资料仅作对齐参考，不能自动覆盖审核结论。,不生成候选CNBE；不写入源表或数据库
136,PENC_136,𫐓,U+2B413,7513,三级,T1,provisional,13,13,13,agree,左右,左右,agree,159,,,,,,,,,人工审核项目证据；国家规范、Unihan及网络资料仅作对齐参考，不能自动覆盖审核结论。,不生成候选CNBE；不写入源表或数据库
137,PENC_137,𫑡,U+2B461,6995,三级,T1,provisional,10,10,10,agree,左右,左右,agree,163,,,,,,,,,人工审核项目证据；国家规范、Unihan及网络资料仅作对齐参考，不能自动覆盖审核结论。,不生成候选CNBE；不写入源表或数据库
138,PENC_138,𫓧,U+2B4E7,6844,三级,T1,provisional,9,9,9,agree,左右,左右,agree,167,,,,,,,,,人工审核项目证据；国家规范、Unihan及网络资料仅作对齐参考，不能自动覆盖审核结论。,不生成候选CNBE；不写入源表或数据库
139,PENC_139,𫓯,U+2B4EF,7177,三级,T1,provisional,11,11,11,agree,左右,左右,agree,167,,,,,,,,,人工审核项目证据；国家规范、Unihan及网络资料仅作对齐参考，不能自动覆盖审核结论。,不生成候选CNBE；不写入源表或数据库
140,PENC_140,𫓶,U+2B4F6,7378,三级,T1,provisional,12,12,12,agree,左右,左右,agree,167,,,,,,,,,人工审核项目证据；国家规范、Unihan及网络资料仅作对齐参考，不能自动覆盖审核结论。,不生成候选CNBE；不写入源表或数据库
141,PENC_141,𫓹,U+2B4F9,7529,三级,T1,provisional,13,13,13,agree,左右,左右,agree,167,,,,,,,,,人工审核项目证据；国家规范、Unihan及网络资料仅作对齐参考，不能自动覆盖审核结论。,不生成候选CNBE；不写入源表或数据库
142,PENC_142,𫔍,U+2B50D,7940,三级,T1,provisional,17,17,17,agree,左右,左右,agree,167,,,,,,,,,人工审核项目证据；国家规范、Unihan及网络资料仅作对齐参考，不能自动覆盖审核结论。,不生成候选CNBE；不写入源表或数据库
143,PENC_143,𫔎,U+2B50E,7946,三级,T1,provisional,17,17,17,agree,左右,左右,agree,167,,,,,,,,,人工审核项目证据；国家规范、Unihan及网络资料仅作对齐参考，不能自动覆盖审核结论。,不生成候选CNBE；不写入源表或数据库
144,PENC_144,𫔶,U+2B536,7580,三级,T4,provisional,13,13,13,agree,左上包,上三包,disagree,169,,,,,,,,,人工审核项目证据；国家规范、Unihan及网络资料仅作对齐参考，不能自动覆盖审核结论。,不生成候选CNBE；不写入源表或数据库
145,PENC_145,𫖮,U+2B5AE,7367,三级,T1,provisional,12,12,12,agree,左右,左右,agree,181,,,,,,,,,人工审核项目证据；国家规范、Unihan及网络资料仅作对齐参考，不能自动覆盖审核结论。,不生成候选CNBE；不写入源表或数据库
146,PENC_146,𫖯,U+2B5AF,7399,三级,T1,provisional,12,12,12,agree,左右,左右,agree,181,,,,,,,,,人工审核项目证据；国家规范、Unihan及网络资料仅作对齐参考，不能自动覆盖审核结论。,不生成候选CNBE；不写入源表或数据库
147,PENC_147,𫖳,U+2B5B3,7610,三级,T1,provisional,13,13,13,agree,左右,左右,agree,181,,,,,,,,,人工审核项目证据；国家规范、Unihan及网络资料仅作对齐参考，不能自动覆盖审核结论。,不生成候选CNBE；不写入源表或数据库
148,PENC_148,𫗧,U+2B5E7,7039,三级,T1,provisional,10,10,10,agree,左右,左右,agree,184,,,,,,,,,人工审核项目证据；国家规范、Unihan及网络资料仅作对齐参考，不能自动覆盖审核结论。,不生成候选CNBE；不写入源表或数据库
149,PENC_149,𫗴,U+2B5F4,7890,三级,T1,provisional,16,16,16,agree,左右,左右,agree,184,,,,,,,,,人工审核项目证据；国家规范、Unihan及网络资料仅作对齐参考，不能自动覆盖审核结论。,不生成候选CNBE；不写入源表或数据库
150,PENC_150,𫘜,U+2B61C,6640,三级,T1,provisional,7,7,7,agree,左右,左右,agree,187,,,,,,,,,人工审核项目证据；国家规范、Unihan及网络资料仅作对齐参考，不能自动覆盖审核结论。,不生成候选CNBE；不写入源表或数据库
151,PENC_151,𫘝,U+2B61D,6643,三级,T1,provisional,7,7,7,agree,左右,左右,agree,187,,,,,,,,,人工审核项目证据；国家规范、Unihan及网络资料仅作对齐参考，不能自动覆盖审核结论。,不生成候选CNBE；不写入源表或数据库
152,PENC_152,𫘦,U+2B626,7276,三级,T1,provisional,11,11,11,agree,左右,左右,agree,187,,,,,,,,,人工审核项目证据；国家规范、Unihan及网络资料仅作对齐参考，不能自动覆盖审核结论。,不生成候选CNBE；不写入源表或数据库
153,PENC_153,𫘧,U+2B627,7281,三级,T1,provisional,11,11,11,agree,左右,左右,agree,187,,,,,,,,,人工审核项目证据；国家规范、Unihan及网络资料仅作对齐参考，不能自动覆盖审核结论。,不生成候选CNBE；不写入源表或数据库
154,PENC_154,𫘨,U+2B628,7457,三级,T1,provisional,12,12,12,agree,左右,左右,agree,187,,,,,,,,,人工审核项目证据；国家规范、Unihan及网络资料仅作对齐参考，不能自动覆盖审核结论。,不生成候选CNBE；不写入源表或数据库
155,PENC_155,𫘪,U+2B62A,7617,三级,T1,provisional,13,13,13,agree,左右,左右,agree,187,,,,,,,,,人工审核项目证据；国家规范、Unihan及网络资料仅作对齐参考，不能自动覆盖审核结论。,不生成候选CNBE；不写入源表或数据库
156,PENC_156,𫘬,U+2B62C,7618,三级,T1,provisional,13,13,13,agree,左右,左右,agree,187,,,,,,,,,人工审核项目证据；国家规范、Unihan及网络资料仅作对齐参考，不能自动覆盖审核结论。,不生成候选CNBE；不写入源表或数据库
157,PENC_157,𫚕,U+2B695,7701,三级,T1,provisional,14,14,14,agree,左右,左右,agree,195,,,,,,,,,人工审核项目证据；国家规范、Unihan及网络资料仅作对齐参考，不能自动覆盖审核结论。,不生成候选CNBE；不写入源表或数据库
158,PENC_158,𫚖,U+2B696,7667,三级,T1,provisional,14,14,14,agree,上下,上下,agree,195,,,,,,,,,人工审核项目证据；国家规范、Unihan及网络资料仅作对齐参考，不能自动覆盖审核结论。,不生成候选CNBE；不写入源表或数据库
159,PENC_159,𫚭,U+2B6AD,8100,三级,T1,provisional,23,23,23,agree,左右,左右,agree,195,,,,,,,,,人工审核项目证据；国家规范、Unihan及网络资料仅作对齐参考，不能自动覆盖审核结论。,不生成候选CNBE；不写入源表或数据库
160,PENC_160,𫛭,U+2B6ED,7408,三级,T1,provisional,12,12,12,agree,上下,上下,agree,196,,,,,,,,,人工审核项目证据；国家规范、Unihan及网络资料仅作对齐参考，不能自动覆盖审核结论。,不生成候选CNBE；不写入源表或数据库
161,PENC_161,𫞩,U+2B7A9,7622,三级,T2,provisional,14,14,15,diff,左右,左右,agree,96,,,,,,,,,人工审核项目证据；国家规范、Unihan及网络资料仅作对齐参考，不能自动覆盖审核结论。,不生成候选CNBE；不写入源表或数据库
162,PENC_162,𫟅,U+2B7C5,7278,三级,T1,provisional,11,11,11,agree,左右,左右,agree,120,,,,,,,,,人工审核项目证据；国家规范、Unihan及网络资料仅作对齐参考，不能自动覆盖审核结论。,不生成候选CNBE；不写入源表或数据库
163,PENC_163,𫟦,U+2B7E6,7854,三级,T2,provisional,16,16,17,diff,左右,左右,agree,159,,,,,,,,,人工审核项目证据；国家规范、Unihan及网络资料仅作对齐参考，不能自动覆盖审核结论。,不生成候选CNBE；不写入源表或数据库
164,PENC_164,𫟹,U+2B7F9,7178,三级,T1,provisional,11,11,11,agree,左右,左右,agree,167,,,,,,,,,人工审核项目证据；国家规范、Unihan及网络资料仅作对齐参考，不能自动覆盖审核结论。,不生成候选CNBE；不写入源表或数据库
165,PENC_165,𫟼,U+2B7FC,7180,三级,T2,provisional,11,11,12,diff,左右,左右,agree,167,,,,,,,,,人工审核项目证据；国家规范、Unihan及网络资料仅作对齐参考，不能自动覆盖审核结论。,不生成候选CNBE；不写入源表或数据库
166,PENC_166,𫠆,U+2B806,6967,三级,T1,provisional,10,10,10,agree,左右,左右,agree,181,,,,,,,,,人工审核项目证据；国家规范、Unihan及网络资料仅作对齐参考，不能自动覆盖审核结论。,不生成候选CNBE；不写入源表或数据库
167,PENC_167,𫠊,U+2B80A,6752,三级,T1,provisional,8,8,8,agree,左右,左右,agree,187,,,,,,,,,人工审核项目证据；国家规范、Unihan及网络资料仅作对齐参考，不能自动覆盖审核结论。,不生成候选CNBE；不写入源表或数据库
168,PENC_168,𫠜,U+2B81C,7856,三级,T1,provisional,16,16,16,agree,左右,左右,agree,211,,,,,,,,,人工审核项目证据；国家规范、Unihan及网络资料仅作对齐参考，不能自动覆盖审核结论。,不生成候选CNBE；不写入源表或数据库
