code,main,attached,forms,form_count,stroke_group,docx_text_layer,public_baseline,wiki_template,source_status,note
1,一,,,0,一画,,,,CONSISTENT,
2,丨,亅,亅,1,一画,亅,亅,,DIFF,维基模板把 亅 挂在 5 乛 后；docx 与 ichara 均为 2 丨（亅），采用 docx/ichara
3,丿,,,0,一画,,,,CONSISTENT,
4,丶,,,0,一画,,,,CONSISTENT,
5,乛,,,0,一画,,,亅乚乙,DIFF,标准 5.5：乛 部 15 个附形部首因数量较多未在部首表中列出
6,十,,,0,二画,,,,CONSISTENT,
7,厂,⺁,⺁,1,二画,厂,⺁,𠂆,VARIANT,
8,匚,,,0,二画,,,,CONSISTENT,
9,卜,⺊,⺊,1,二画,卜,⺊,⺊,CONSISTENT,
10,冂,⺆,⺆,1,二画,門,⺆,⺆,CONSISTENT,
11,八,丷,丷,1,二画,丷,丷,丷,CONSISTENT,
12,人,亻入,亻/入,2,二画,亻人,亻入,亻入,CONSISTENT,
13,勹,,,0,二画,,,,CONSISTENT,
14,儿,,,0,二画,,,,CONSISTENT,
15,匕,,,0,二画,,,,CONSISTENT,
16,几,⺇,⺇,1,二画,几,⺇,𠘨,VARIANT,
17,亠,,,0,二画,,,,CONSISTENT,
18,冫,,,0,二画,,,,CONSISTENT,
19,冖,,,0,二画,,,,CONSISTENT,
20,凵,,,0,二画,,,,CONSISTENT,
21,卩,⺋,⺋,1,二画,卩,⺋,㔾,VARIANT,
22,刀,刂⺈,刂/⺈,2,二画,刂,刂⺈,刂⺈,CONSISTENT,
23,力,,,0,二画,,,,CONSISTENT,
24,又,,,0,二画,,,,CONSISTENT,
25,厶,,,0,二画,,,,CONSISTENT,
26,廴,,,0,二画,,,,CONSISTENT,
27,干,,,0,三画,,,,CONSISTENT,
28,工,,,0,三画,,,,CONSISTENT,
29,土,士,士,1,三画,士,士,士,CONSISTENT,
30,艹,艸,艸,1,三画,艸,艸,艸,CONSISTENT,
31,寸,,,0,三画,,,,CONSISTENT,
32,廾,,,0,三画,,,,CONSISTENT,
33,大,,,0,三画,,,,CONSISTENT,
34,尢,兀尣,兀/尣,2,三画,兀允,兀尣,兀尣,CONSISTENT,
35,弋,,,0,三画,,,,CONSISTENT,
36,小,⺌,⺌,1,三画,⺌,⺌,⺌,CONSISTENT,
37,口,,,0,三画,,,,CONSISTENT,
38,囗,,,0,三画,,,,CONSISTENT,
39,山,,,0,三画,,,,CONSISTENT,
40,巾,,,0,三画,,,,CONSISTENT,
41,彳,,,0,三画,,,,CONSISTENT,
42,彡,,,0,三画,,,,CONSISTENT,
43,夕,,,0,三画,,,,CONSISTENT,
44,夂,,,0,三画,,,,CONSISTENT,
45,丬,爿,爿,1,三画,爿,爿,爿,CONSISTENT,
46,广,,,0,三画,,,,CONSISTENT,
47,门,門,門,1,三画,門,門,門,CONSISTENT,
48,宀,,,0,三画,,,,CONSISTENT,
49,辶,辵,辵,1,三画,辵,辵,辵,CONSISTENT,
50,彐,彐彑,彐/彑,2,三画,彑彐,彐彑,⺕彑,NEEDS_REVIEW,docx 文字层为 彑彐，维基模板为 ⺕彑，原公开转载表为 彐彑；字形/顺序待官方页图像最终确认
51,尸,,,0,三画,,,,CONSISTENT,
52,己,已巳,已/巳,2,三画,已巳,已巳,已巳,CONSISTENT,
53,弓,,,0,三画,,,,CONSISTENT,
54,子,,,0,三画,,,,CONSISTENT,
55,屮,,,0,三画,艸,,,CONSISTENT,
56,女,,,0,三画,,,,CONSISTENT,
57,飞,飛,飛,1,三画,飛,飛,飛,CONSISTENT,
58,马,馬,馬,1,三画,馬,馬,馬,CONSISTENT,
59,幺,,,0,三画,,,,CONSISTENT,
60,巛,,,0,三画,,,,CONSISTENT,
61,王,玉,玉,1,四画,玉,玉,𤣩玉,NEEDS_REVIEW,维基模板附形含 𤣩玉，docx 文字层与 ichara 均为 玉；𤣩 是否入表待官方页图像确认
62,无,旡,旡,1,四画,旡,旡,旡,CONSISTENT,
63,韦,韋,韋,1,四画,韋,韋,韋,CONSISTENT,
64,木,朩,朩,1,四画,朩,朩,朩,CONSISTENT,
65,支,,,0,四画,,,,CONSISTENT,
66,犬,犭,犭,1,四画,犭,犭,犭,CONSISTENT,
67,歹,歺,歺,1,四画,歺,歺,歺,CONSISTENT,
68,车,車,車,1,四画,車车,車,車,CONSISTENT,
69,牙,,,0,四画,,,,CONSISTENT,
70,戈,,,0,四画,,,,CONSISTENT,
71,比,,,0,四画,,,,CONSISTENT,
72,瓦,,,0,四画,,,,CONSISTENT,
73,止,,,0,四画,,,,CONSISTENT,
74,攴,攵,攵,1,四画,攵,攵,攵,CONSISTENT,
75,日,⺜曰,⺜/曰,2,四画,冂曰,⺜曰,曰⺜,DIFF,docx/ichara 为 ⺜曰，维基为 曰⺜，顺序待官方页图像确认
76,贝,貝,貝,1,四画,貝,貝,貝,CONSISTENT,
77,水,氵氺,氵/氺,2,四画,氵氺,氵氺,氵氺,CONSISTENT,
78,见,見,見,1,四画,見,見,見,CONSISTENT,
79,牛,牜,牜,1,四画,牜,牜,牜,CONSISTENT,
80,手,扌龵,扌/龵,2,四画,扌龵,扌看,扌龵,CORRECTED,docx 文字层与维基模板均为 扌龵；原公开转载表 扌看 为 OCR 同形误读
81,气,,,0,四画,,,,CONSISTENT,
82,毛,,,0,四画,,,,CONSISTENT,
83,长,镸長,镸/長,2,四画,镸長,镸長,镸長,CONSISTENT,
84,片,,,0,四画,,,,CONSISTENT,
85,斤,,,0,四画,,,,CONSISTENT,
86,爪,爫,爫,1,四画,爫,爫,爫,CONSISTENT,
87,父,,,0,四画,,,,CONSISTENT,
88,月,⺝,⺝,1,四画,⺝,⺝,⺝,CONSISTENT,
89,氏,,,0,四画,,,,CONSISTENT,
90,欠,,,0,四画,,,,CONSISTENT,
91,风,風,風,1,四画,風,風,風,CONSISTENT,
92,殳,,,0,四画,,,,CONSISTENT,
93,文,,,0,四画,,,,CONSISTENT,
94,方,,,0,四画,,,,CONSISTENT,
95,火,灬,灬,1,四画,灬,灬,灬,CONSISTENT,
96,斗,,,0,四画,,,,CONSISTENT,
97,户,,,0,四画,,,,CONSISTENT,
98,心,忄⺗,忄/⺗,2,四画,忄⺗,忄⺗,忄⺗,CONSISTENT,
99,毋,母,母,1,四画,母,母,母,CONSISTENT,
100,示,礻,礻,1,五画,礻,礻,礻,CONSISTENT,
101,甘,,,0,五画,,,,CONSISTENT,
102,石,,,0,五画,,,,CONSISTENT,
103,龙,龍,龍,1,五画,龍,龍,龍,CONSISTENT,
104,业,,,0,五画,,,,CONSISTENT,
105,目,,,0,五画,,,,CONSISTENT,
106,田,,,0,五画,,,,CONSISTENT,
107,罒,,,0,五画,,,,CONSISTENT,
108,皿,,,0,五画,,,,CONSISTENT,
109,生,,,0,五画,,,,CONSISTENT,
110,矢,,,0,五画,,,,CONSISTENT,
111,禾,,,0,五画,,,,CONSISTENT,
112,白,,,0,五画,,,,CONSISTENT,
113,瓜,,,0,五画,,,,CONSISTENT,
114,鸟,鳥,鳥,1,五画,鳥,鳥,鳥,CONSISTENT,
115,疒,,,0,五画,,,,CONSISTENT,
116,立,,,0,五画,,,,CONSISTENT,
117,穴,,,0,五画,,,,CONSISTENT,
118,疋,⺪,⺪,1,五画,⺪,⺪,𤴔,VARIANT,
119,皮,,,0,五画,,,,CONSISTENT,
120,癶,,,0,五画,,,,CONSISTENT,
121,矛,,,0,五画,,,,CONSISTENT,
122,耒,,,0,六画,,,,CONSISTENT,
123,老,耂,耂,1,六画,耂,,耂,CORRECTED,docx 文字层与维基模板均有 耂；原公开转载表漏列
124,耳,,,0,六画,,,,CONSISTENT,
125,臣,,,0,六画,,,,CONSISTENT,
126,覀,襾西,襾/西,2,六画,覀覀,襾西,西,DIFF,docx/ichara 为 襾西，维基仅列 西；台湾《教育部重編國語辭典》襾部附形为 覀西，佐证 襾西
127,而,,,0,六画,,,,CONSISTENT,
128,页,頁,頁,1,六画,頁,頁,頁,CONSISTENT,
129,至,,,0,六画,,,,CONSISTENT,
130,虍,虎,虎,1,六画,虎,虎,虎,CONSISTENT,
131,虫,,,0,六画,,,,CONSISTENT,
132,肉,,,0,六画,,,,CONSISTENT,
133,缶,,,0,六画,,,,CONSISTENT,
134,舌,,,0,六画,,,,CONSISTENT,
135,竹,⺮,⺮,1,六画,⺮,⺮,𥫗,VARIANT,
136,臼,⺽,⺽,1,六画,臼,⺽,𦥑,VARIANT,
137,自,,,0,六画,,,,CONSISTENT,
138,血,,,0,六画,,,,CONSISTENT,
139,舟,,,0,六画,,,,CONSISTENT,
140,色,,,0,六画,,,,CONSISTENT,
141,齐,齊,齊,1,六画,齊,齊,齊,CONSISTENT,
142,衣,衤,衤,1,六画,衤,衤,衤,CONSISTENT,
143,羊,⺶⺷,⺶/⺷,2,六画,⺶羊,⺶⺷,⺶𦍌,VARIANT,
144,米,,,0,六画,,,,CONSISTENT,
145,聿,肀⺻,肀/⺻,2,六画,肀⺕,肀⺻,肀⺻,CONSISTENT,
146,艮,,,0,六画,,,,CONSISTENT,
147,羽,,,0,六画,,,,CONSISTENT,
148,糸,纟糹,纟/糹,2,六画,纟糹,纟糹,纟糹,CONSISTENT,
149,麦,麥,麥,1,七画,麥,麥,麥,CONSISTENT,
150,走,,,0,七画,,,,CONSISTENT,
151,赤,,,0,七画,,,,CONSISTENT,
152,豆,,,0,七画,,,,CONSISTENT,
153,酉,,,0,七画,,,,CONSISTENT,
154,辰,,,0,七画,,,,CONSISTENT,
155,豕,,,0,七画,,,,CONSISTENT,
156,卤,鹵,鹵,1,七画,鹵,鹵,鹵,CONSISTENT,
157,里,,,0,七画,,,,CONSISTENT,
158,足,⻊,⻊,1,七画,⻊,⻊,𧾷,VARIANT,
159,邑,阝右,阝右,1,七画,阝右,阝右,⻏，在右,CONSISTENT,
160,身,,,0,七画,,,,CONSISTENT,
161,釆,,,0,七画,,,,CONSISTENT,
162,谷,,,0,七画,,,,CONSISTENT,
163,豸,,,0,七画,,,,CONSISTENT,
164,龟,龜,龜,1,七画,龜,龜,龜,CONSISTENT,
165,角,,,0,七画,,,,CONSISTENT,
166,言,讠,讠,1,七画,讠,讠,讠,CONSISTENT,
167,辛,,,0,七画,,,,CONSISTENT,
168,青,,,0,八画,,,,CONSISTENT,
169,龺,,,0,八画,,,,CONSISTENT,
170,雨,⻗,⻗,1,八画,,,⻗,CORRECTED,维基模板与通用部首知识均为 雨（⻗）；原公开转载表漏列
171,非,,,0,八画,,,,CONSISTENT,
172,齿,齒,齒,1,八画,齒,齒,齒,CONSISTENT,
173,黾,黽,黽,1,八画,黽,黽,黽,CONSISTENT,
174,隹,,,0,八画,,,,CONSISTENT,
175,阜,阝左,阝左,1,八画,阝左,阝左,⻖，在左,CONSISTENT,
176,金,钅,钅,1,八画,钅,钅,钅,CONSISTENT,
177,鱼,魚,魚,1,八画,魚,魚,魚,CONSISTENT,
178,隶,,,0,八画,,,,CONSISTENT,
179,革,,,0,九画,,,,CONSISTENT,
180,面,,,0,九画,,,,CONSISTENT,
181,韭,,,0,九画,,,,CONSISTENT,
182,骨,,,0,九画,,,,CONSISTENT,
183,香,,,0,九画,,,,CONSISTENT,
184,鬼,,,0,九画,,,,CONSISTENT,
185,食,饣飠,饣/飠,2,九画,饣飠,饣飠,饣飠,CONSISTENT,
186,音,,,0,九画,,,,CONSISTENT,
187,首,,,0,九画,,,,CONSISTENT,
188,髟,,,0,十画,,,,CONSISTENT,
189,鬲,,,0,十画,,,,CONSISTENT,
190,鬥,,,0,十画,,,,CONSISTENT,
191,高,,,0,十画,,,,CONSISTENT,
192,黄,,,0,十一画,,,,CONSISTENT,
193,麻,,,0,十一画,,,,CONSISTENT,
194,鹿,,,0,十一画,,,,CONSISTENT,
195,鼎,,,0,十二画,,,,CONSISTENT,
196,黑,,,0,十二画,,,,CONSISTENT,
197,黍,,,0,十二画,,,,CONSISTENT,
198,鼓,,,0,十三画,,,,CONSISTENT,
199,鼠,,,0,十三画,,,,CONSISTENT,
200,鼻,,,0,十四画,,,,CONSISTENT,
201,龠,,,0,十七画,,,,CONSISTENT,
