id,main,attached_forms,ocr_main,ocr_attached_forms,status
1,一,,一,,MATCH
2,丨,亅,|,丿,OCR_MAIN_MISMATCH_AND_ATTACHED
3,丿,,丿,,MATCH
4,丶,,丶,,MATCH
5,乛,,一,,OCR_MAIN_MISMATCH
6,十,,十,,MATCH
7,厂,⺁,厂,厂,OCR_ATTACHED_MISMATCH
8,匚,,匚,,MATCH
9,卜,⺊,卜,卜,OCR_ATTACHED_MISMATCH
10,冂,⺆,冂,冂,OCR_ATTACHED_MISMATCH
11,八,丷,八,丷,MATCH
12,人,亻入,人,亻入,MATCH
13,勹,,勺,,OCR_MAIN_MISMATCH
14,儿,,儿,,MATCH
15,匕,,匕,,MATCH
16,几,⺇,几,几,OCR_ATTACHED_MISMATCH
17,亠,,亠,,MATCH
18,冫,,亻,,OCR_MAIN_MISMATCH
19,冖,,丷,,OCR_MAIN_MISMATCH
20,凵,,凵,,MATCH
21,卩,⺋,卩,巳,OCR_ATTACHED_MISMATCH
22,刀,刂⺈,刀,刂ヶ,OCR_ATTACHED_MISMATCH
23,力,,力,,MATCH
24,又,,又,,MATCH
25,厶,,厶,,MATCH
26,廴,,廴,,MATCH
27,干,,干,,MATCH
28,工,,工,,MATCH
29,土,士,土,士,MATCH
30,艹,艸,艹,艸,MATCH
31,寸,,寸,,MATCH
32,廾,,卄,,OCR_MAIN_MISMATCH
33,大,,大,,MATCH
34,尢,兀尣,尢,兀允,OCR_ATTACHED_MISMATCH
35,弋,,弋,,MATCH
36,小,⺌,小,ヵ,OCR_ATTACHED_MISMATCH
37,口,,口,,MATCH
38,囗,,囗,,MATCH
39,山,,山,,MATCH
40,巾,,巾,,MATCH
41,彳,,彳,,MATCH
42,彡,,彡,,MATCH
43,夕,,夕,,MATCH
44,夂,,夂,,MATCH
45,丬,爿,牜,爿,OCR_MAIN_MISMATCH
46,广,,广,,MATCH
47,门,門,门,門,MATCH
48,宀,,ヘ,,OCR_MAIN_MISMATCH
49,辶,辵,辶,辵,MATCH
50,彐,彐彑,彐,丶互,OCR_ATTACHED_MISMATCH
51,尸,,尸,,MATCH
52,己,已巳,己,巳巳,OCR_ATTACHED_MISMATCH
53,弓,,弓,,MATCH
54,子,,子,,MATCH
55,屮,,屮,屮,MATCH
56,女,,女,,MATCH
57,飞,飛,飞,,MATCH
58,马,馬,马,馬,MATCH
59,幺,,幺,,MATCH
60,巛,,巛,,MATCH
61,王,玉,王,玉,MATCH
62,无,旡,无,无,OCR_ATTACHED_MISMATCH
63,韦,韋,韦,,MATCH
64,木,朩,木,木,OCR_ATTACHED_MISMATCH
65,支,,支,,MATCH
66,犬,犭,犬,犭,MATCH
67,歹,歺,歹,歺,MATCH
68,车,車,车,车車,OCR_ATTACHED_MISMATCH
69,牙,,牙,,MATCH
70,戈,,戈,,MATCH
71,比,,比,,MATCH
72,瓦,,瓦,,MATCH
73,止,,止,,MATCH
74,攴,攵,支,攵,OCR_MAIN_MISMATCH
75,日,⺜曰,日,曰曰,OCR_ATTACHED_MISMATCH
76,贝,貝,贝,貝,MATCH
77,水,氵氺,水,氵氺,MATCH
78,见,見,见,見,MATCH
79,牛,牜,牛,牛,OCR_ATTACHED_MISMATCH
80,手,扌看,手,扌尹,OCR_ATTACHED_MISMATCH
81,气,,气,,MATCH
82,毛,,毛,,MATCH
83,长,镸長,长,镸,OCR_ATTACHED_MISMATCH
84,片,,片,,MATCH
85,斤,,斤,,MATCH
86,爪,爫,爪,爫,MATCH
87,父,,父,,MATCH
88,月,⺝,月,月,OCR_ATTACHED_MISMATCH
89,氏,,氏,,MATCH
90,欠,,欠,,MATCH
91,风,風,风,,MATCH
92,殳,,殳,,MATCH
93,文,,文,,MATCH
94,方,,方,,MATCH
95,火,灬,火,灬,MATCH
96,斗,,斗,,MATCH
97,户,,户,,MATCH
98,心,忄⺗,心,忄小,OCR_ATTACHED_MISMATCH
99,毋,母,毋,母,MATCH
100,示,礻,示,礻,MATCH
101,甘,,甘,,MATCH
102,石,,石,,MATCH
103,龙,龍,龙,龍,MATCH
104,业,,业,,MATCH
105,目,,目,,MATCH
106,田,,田,,MATCH
107,罒,,皿,,OCR_MAIN_MISMATCH
108,皿,,皿,,MATCH
109,生,,生,,MATCH
110,矢,,矢,,MATCH
111,禾,,禾,,MATCH
112,白,,白,,MATCH
113,瓜,,瓜,,MATCH
114,鸟,鳥,鸟,鳥,MATCH
115,疒,,疒,,MATCH
116,立,,立,,MATCH
117,穴,,穴,,MATCH
118,疋,⺪,疋,正,OCR_ATTACHED_MISMATCH
119,皮,,皮,,MATCH
120,癶,,殳,,OCR_MAIN_MISMATCH
121,矛,,矛,,MATCH
122,耒,,,,OCR_MISSING_MAIN
123,老,,老,耂,MATCH
124,耳,,耳,,MATCH
125,臣,,臣,,MATCH
126,覀,襾西,酉,西西,OCR_MAIN_MISMATCH_AND_ATTACHED
127,而,,而,,MATCH
128,页,頁,页,,MATCH
129,至,,至,,MATCH
130,虍,虎,声,虎,OCR_MAIN_MISMATCH
131,虫,,虫,,MATCH
132,肉,,肉,,MATCH
133,缶,,缶,,MATCH
134,舌,,舌,,MATCH
135,竹,⺮,竹,木,OCR_ATTACHED_MISMATCH
136,臼,⺽,臼,臼,OCR_ATTACHED_MISMATCH
137,自,,自,,MATCH
138,血,,血,,MATCH
139,舟,,舟,,MATCH
140,色,,色,,MATCH
141,齐,齊,齐,齊,MATCH
142,衣,衤,衣,礻,OCR_ATTACHED_MISMATCH
143,羊,⺶⺷,羊,羋羔,OCR_ATTACHED_MISMATCH
144,米,,米,,MATCH
145,聿,肀⺻,聿,肀垂,OCR_ATTACHED_MISMATCH
146,艮,,艮,,MATCH
147,羽,,羽,,MATCH
148,糸,纟糹,糸,纟糸,OCR_ATTACHED_MISMATCH
149,麦,麥,麦,麥,MATCH
150,走,,走,,MATCH
151,赤,,赤,,MATCH
152,豆,,豆,,MATCH
153,酉,,西,,OCR_MAIN_MISMATCH
154,辰,,辰,,MATCH
155,豕,,豕,,MATCH
156,卤,鹵,卤,鹵,MATCH
157,里,,里,,MATCH
158,足,⻊,足,跼,OCR_ATTACHED_MISMATCH
159,邑,阝右,邑,阝右,MATCH
160,身,,身,,MATCH
161,釆,,采,,OCR_MAIN_MISMATCH
162,谷,,谷,,MATCH
163,豸,,豸,,MATCH
164,龟,龜,龟,龜,MATCH
165,角,,角,,MATCH
166,言,讠,言,讠,MATCH
167,辛,,,,OCR_MISSING_MAIN
168,青,,,,OCR_MISSING_MAIN
169,龺,,,,OCR_MISSING_MAIN
170,雨,,,,OCR_MISSING_MAIN
171,非,,,,OCR_MISSING_MAIN
172,齿,齒,齿,齒,MATCH
173,黾,黽,,黽,OCR_MISSING_MAIN
174,隹,,,,OCR_MISSING_MAIN
175,阜,阝左,,阝左,OCR_MISSING_MAIN
176,金,钅,,钅,OCR_MISSING_MAIN
177,鱼,魚,,魚,OCR_MISSING_MAIN
178,隶,,,,OCR_MISSING_MAIN
179,革,,,,OCR_MISSING_MAIN
180,面,,,,OCR_MISSING_MAIN
181,韭,,,,OCR_MISSING_MAIN
182,骨,,,,OCR_MISSING_MAIN
183,香,,,,OCR_MISSING_MAIN
184,鬼,,,,OCR_MISSING_MAIN
185,食,饣飠,,饣,OCR_MISSING_MAIN_AND_ATTACHED
186,音,,,,OCR_MISSING_MAIN
187,首,,,,OCR_MISSING_MAIN
188,髟,,髟,,MATCH
189,鬲,,鬲,,MATCH
190,鬥,,鬥,,MATCH
191,高,,高,,MATCH
192,黄,,黃,,OCR_MAIN_MISMATCH
193,麻,,麻,,MATCH
194,鹿,,鹿,,MATCH
195,鼎,,鼎,,MATCH
196,黑,,黑,,MATCH
197,黍,,黍,,MATCH
198,鼓,,鼓,,MATCH
199,鼠,,鼠,,MATCH
200,鼻,,鼻,,MATCH
201,龠,,龠,,MATCH
