row_id,char,unicode,cnbe,cnbe_hex,radix,radix_name,strokes,struct_type,struct_name,idx,ext,human_decomposition,authority
PENC_001,㑇,13383,154788976,0x0939E470,9,人,7,3,左右,1607,0,亻刍,HUMAN_AUDIT_PROJECT_BASELINE_USER_AUTHORIZED_2026_07_27
PENC_002,㑊,13386,155313312,0x0941E4A0,9,人,8,3,左右,1610,0,亻亦,HUMAN_AUDIT_PROJECT_BASELINE_USER_AUTHORIZED_2026_07_27
PENC_003,㕮,13678,507115232,0x1E39F6E0,30,口,7,3,左右,1902,0,口父,HUMAN_AUDIT_PROJECT_BASELINE_USER_AUTHORIZED_2026_07_27
PENC_004,㘎,13838,512327904,0x1E8980E0,30,口,17,3,左右,14,0,口阚,HUMAN_AUDIT_PROJECT_BASELINE_USER_AUTHORIZED_2026_07_27
PENC_005,㙍,13901,542737616,0x205984D0,32,土,11,3,左右,77,0,土叕,HUMAN_AUDIT_PROJECT_BASELINE_USER_AUTHORIZED_2026_07_27
PENC_006,㙘,13912,543262080,0x20618580,32,土,12,3,左右,88,0,土要,HUMAN_AUDIT_PROJECT_BASELINE_USER_AUTHORIZED_2026_07_27
PENC_007,㙦,13926,544245344,0x20708660,32,土,14,1,上下,102,0,斜土,HUMAN_AUDIT_PROJECT_BASELINE_USER_AUTHORIZED_2026_07_27
PENC_008,㛃,14019,642288688,0x26488C30,38,女,9,1,上下,195,0,㓞女,HUMAN_AUDIT_PROJECT_BASELINE_USER_AUTHORIZED_2026_07_27
PENC_009,㛚,14042,642878880,0x26518DA0,38,女,10,3,左右,218,0,女甬,HUMAN_AUDIT_PROJECT_BASELINE_USER_AUTHORIZED_2026_07_27
PENC_010,㛹,14073,643927952,0x26618F90,38,女,12,3,左右,249,0,女便,HUMAN_AUDIT_PROJECT_BASELINE_USER_AUTHORIZED_2026_07_27
PENC_011,㟃,14275,776051760,0x2E419C30,46,山,8,3,左右,451,0,山司,HUMAN_AUDIT_PROJECT_BASELINE_USER_AUTHORIZED_2026_07_27
PENC_012,㠇,14343,779657328,0x2E78A070,46,山,15,1,上下,519,0,山就,HUMAN_AUDIT_PROJECT_BASELINE_USER_AUTHORIZED_2026_07_27
PENC_013,㠓,14355,780247344,0x2E81A130,46,山,16,3,左右,531,0,山蒙,HUMAN_AUDIT_PROJECT_BASELINE_USER_AUTHORIZED_2026_07_27
PENC_014,㤘,14616,1027715456,0x3D41B180,61,⺗,8,3,左右,792,0,忄刍,HUMAN_AUDIT_PROJECT_BASELINE_USER_AUTHORIZED_2026_07_27
PENC_015,㥄,14660,1029289024,0x3D59B440,61,⺗,11,3,左右,836,0,忄夌,HUMAN_AUDIT_PROJECT_BASELINE_USER_AUTHORIZED_2026_07_27
PENC_016,㧐,14800,1077525760,0x4039BD00,64,手,7,3,左右,976,0,扌双,HUMAN_AUDIT_PROJECT_BASELINE_USER_AUTHORIZED_2026_07_27
PENC_017,㧑,14801,1077525776,0x4039BD10,64,手,7,3,左右,977,0,扌为,HUMAN_AUDIT_PROJECT_BASELINE_USER_AUTHORIZED_2026_07_27
PENC_018,㧟,14815,1078050288,0x4041BDF0,64,手,8,3,左右,991,0,扌汇,HUMAN_AUDIT_PROJECT_BASELINE_USER_AUTHORIZED_2026_07_27
PENC_019,㫰,15088,1213845248,0x4859CF00,72,日,11,3,左右,1264,0,日良,HUMAN_AUDIT_PROJECT_BASELINE_USER_AUTHORIZED_2026_07_27
PENC_020,㬊,15114,1214828704,0x4868D0A0,72,日,13,1,上下,1290,0,日爱,HUMAN_AUDIT_PROJECT_BASELINE_USER_AUTHORIZED_2026_07_27
PENC_021,㬎,15118,1215353056,0x4870D0E0,72,日,14,1,上下,1294,0,日𢇁,HUMAN_AUDIT_PROJECT_BASELINE_USER_AUTHORIZED_2026_07_27
PENC_022,㬚,15130,1216500128,0x488251A0,72,日,16,4,左中右,1306,0,日育攵,HUMAN_AUDIT_PROJECT_BASELINE_USER_AUTHORIZED_2026_07_27
PENC_023,㭎,15182,1262605536,0x4B41D4E0,75,木,8,3,左右,1358,0,木冈,HUMAN_AUDIT_PROJECT_BASELINE_USER_AUTHORIZED_2026_07_27
PENC_024,㭕,15189,1263129936,0x4B49D550,75,木,9,3,左右,1365,0,木去,HUMAN_AUDIT_PROJECT_BASELINE_USER_AUTHORIZED_2026_07_27
PENC_025,㮾,15294,1265687520,0x4B70DBE0,75,木,14,1,上下,1470,0,朗木,HUMAN_AUDIT_PROJECT_BASELINE_USER_AUTHORIZED_2026_07_27
PENC_026,㰀,15360,1268375552,0x4B99E000,75,木,19,3,左右,1536,0,木黎,HUMAN_AUDIT_PROJECT_BASELINE_USER_AUTHORIZED_2026_07_27
PENC_027,㳇,15559,1429859440,0x5539EC70,85,水,7,3,左右,1735,0,氵父,HUMAN_AUDIT_PROJECT_BASELINE_USER_AUTHORIZED_2026_07_27
PENC_028,㳘,15576,1430908288,0x5549ED80,85,水,9,3,左右,1752,0,氵充,HUMAN_AUDIT_PROJECT_BASELINE_USER_AUTHORIZED_2026_07_27
PENC_029,㳚,15578,1430908320,0x5549EDA0,85,水,9,3,左右,1754,0,氵戍,HUMAN_AUDIT_PROJECT_BASELINE_USER_AUTHORIZED_2026_07_27
PENC_030,㴔,15636,1432482112,0x5561F140,85,水,12,3,左右,1812,0,氵急,HUMAN_AUDIT_PROJECT_BASELINE_USER_AUTHORIZED_2026_07_27
PENC_031,㵐,15696,1434055936,0x5579F500,85,水,15,3,左右,1872,0,氵厥,HUMAN_AUDIT_PROJECT_BASELINE_USER_AUTHORIZED_2026_07_27
PENC_032,㶲,15794,1447688992,0x5649FB20,86,火,9,3,左右,1970,0,火用,HUMAN_AUDIT_PROJECT_BASELINE_USER_AUTHORIZED_2026_07_27
PENC_033,㸆,15878,1452900448,0x56998060,86,火,19,3,左右,6,0,火靠,HUMAN_AUDIT_PROJECT_BASELINE_USER_AUTHORIZED_2026_07_27
PENC_034,㸌,15884,1453424832,0x56A180C0,86,火,20,3,左右,12,0,火霍,HUMAN_AUDIT_PROJECT_BASELINE_USER_AUTHORIZED_2026_07_27
PENC_035,㺄,16004,1583450176,0x5E618840,94,犬,12,3,左右,132,0,犭俞,HUMAN_AUDIT_PROJECT_BASELINE_USER_AUTHORIZED_2026_07_27
PENC_036,㻬,16108,1618579136,0x60798EC0,96,玄,15,3,左右,236,0,王雩,HUMAN_AUDIT_PROJECT_BASELINE_USER_AUTHORIZED_2026_07_27
PENC_037,㽏,16207,1668322544,0x637094F0,99,甘,14,1,上下,335,0,洽甘,HUMAN_AUDIT_PROJECT_BASELINE_USER_AUTHORIZED_2026_07_27
PENC_038,㿠,16352,1784258048,0x6A599E00,106,白,11,3,左右,480,0,白光,HUMAN_AUDIT_PROJECT_BASELINE_USER_AUTHORIZED_2026_07_27
PENC_039,䁖,16470,1836164448,0x6D71A560,109,目,14,3,左右,598,0,目娄,HUMAN_AUDIT_PROJECT_BASELINE_USER_AUTHORIZED_2026_07_27
PENC_040,䂮,16558,1884859104,0x7058AAE0,112,石,11,1,上下,686,0,㓞石,HUMAN_AUDIT_PROJECT_BASELINE_USER_AUTHORIZED_2026_07_27
PENC_041,䃅,16581,1885973584,0x7069AC50,112,石,13,3,左右,709,0,石单,HUMAN_AUDIT_PROJECT_BASELINE_USER_AUTHORIZED_2026_07_27
PENC_042,䃎,16590,1886498016,0x7071ACE0,112,石,14,3,左右,718,0,石奓,HUMAN_AUDIT_PROJECT_BASELINE_USER_AUTHORIZED_2026_07_27
PENC_043,䅟,16735,1936307696,0x7369B5F0,115,禾,13,3,左右,863,0,禾参,HUMAN_AUDIT_PROJECT_BASELINE_USER_AUTHORIZED_2026_07_27
PENC_044,䌹,17209,2017579920,0x7841D390,120,糸,8,3,左右,1337,0,纟冋,HUMAN_AUDIT_PROJECT_BASELINE_USER_AUTHORIZED_2026_07_27
PENC_045,䎃,17283,2086262832,0x7C59D830,124,羽,11,3,左右,1411,0,冉羽,HUMAN_AUDIT_PROJECT_BASELINE_USER_AUTHORIZED_2026_07_27
PENC_046,䎖,17302,2089933152,0x7C91D960,124,羽,18,3,左右,1430,0,曾羽,HUMAN_AUDIT_PROJECT_BASELINE_USER_AUTHORIZED_2026_07_27
PENC_047,䏝,17373,2185354704,0x8241DDD0,130,⺼,8,3,左右,1501,0,月专,HUMAN_AUDIT_PROJECT_BASELINE_USER_AUTHORIZED_2026_07_27
PENC_048,䏡,17377,2185879056,0x8249DE10,130,⺼,9,3,左右,1505,0,月示,HUMAN_AUDIT_PROJECT_BASELINE_USER_AUTHORIZED_2026_07_27
PENC_049,䏲,17394,2186927904,0x8259DF20,130,⺼,11,3,左右,1522,0,月弟,HUMAN_AUDIT_PROJECT_BASELINE_USER_AUTHORIZED_2026_07_27
PENC_050,䐃,17411,2187452464,0x8261E030,130,⺼,12,3,左右,1539,0,月囷,HUMAN_AUDIT_PROJECT_BASELINE_USER_AUTHORIZED_2026_07_27
PENC_051,䓖,17622,2354113888,0x8C50ED60,140,艸,10,1,上下,1750,0,艹穷,HUMAN_AUDIT_PROJECT_BASELINE_USER_AUTHORIZED_2026_07_27
PENC_052,䓛,17627,2354638256,0x8C58EDB0,140,艸,11,1,上下,1755,0,艹屈,HUMAN_AUDIT_PROJECT_BASELINE_USER_AUTHORIZED_2026_07_27
PENC_053,䓨,17640,2354638464,0x8C58EE80,140,艸,11,1,上下,1768,0,？缶,HUMAN_AUDIT_PROJECT_BASELINE_USER_AUTHORIZED_2026_07_27
PENC_054,䓫,17643,2354638512,0x8C58EEB0,140,艸,11,1,上下,1771,0,艹奇,HUMAN_AUDIT_PROJECT_BASELINE_USER_AUTHORIZED_2026_07_27
PENC_055,䓬,17644,2354638528,0x8C58EEC0,140,艸,11,1,上下,1772,0,艹卓,HUMAN_AUDIT_PROJECT_BASELINE_USER_AUTHORIZED_2026_07_27
PENC_056,䗖,17878,2390359392,0x8E79FD60,142,虫,15,3,左右,2006,0,虫带,HUMAN_AUDIT_PROJECT_BASELINE_USER_AUTHORIZED_2026_07_27
PENC_057,䗛,17883,2390883760,0x8E81FDB0,142,虫,16,3,左右,2011,0,虫脩,HUMAN_AUDIT_PROJECT_BASELINE_USER_AUTHORIZED_2026_07_27
PENC_058,䗪,17898,2391473824,0x8E8AFEA0,142,虫,17,5,左上包,2026,0,庶虫,HUMAN_AUDIT_PROJECT_BASELINE_USER_AUTHORIZED_2026_07_27
PENC_059,䗴,17908,2391932736,0x8E91FF40,142,虫,18,3,左右,2036,0,虫筳,HUMAN_AUDIT_PROJECT_BASELINE_USER_AUTHORIZED_2026_07_27
PENC_060,䜣,18211,2503053872,0x95319230,149,言,6,3,左右,291,0,讠斤,HUMAN_AUDIT_PROJECT_BASELINE_USER_AUTHORIZED_2026_07_27
PENC_061,䝙,18265,2572785040,0x99599590,153,豸,11,3,左右,345,0,豸区,HUMAN_AUDIT_PROJECT_BASELINE_USER_AUTHORIZED_2026_07_27
PENC_062,䢺,18618,2738465696,0xA339ABA0,163,邑,7,3,左右,698,0,出阝,HUMAN_AUDIT_PROJECT_BASELINE_USER_AUTHORIZED_2026_07_27
PENC_063,䢼,18620,2738990016,0xA341ABC0,163,邑,8,3,左右,700,0,共阝,HUMAN_AUDIT_PROJECT_BASELINE_USER_AUTHORIZED_2026_07_27
PENC_064,䣘,18648,2741611904,0xA369AD80,163,邑,13,3,左右,728,0,堂阝,HUMAN_AUDIT_PROJECT_BASELINE_USER_AUTHORIZED_2026_07_27
PENC_065,䥽,18813,2807150544,0xA751B7D0,167,金,10,3,左右,893,0,钅发,HUMAN_AUDIT_PROJECT_BASELINE_USER_AUTHORIZED_2026_07_27
PENC_066,䦃,18819,2810296368,0xA781B830,167,金,16,3,左右,899,0,钅著,HUMAN_AUDIT_PROJECT_BASELINE_USER_AUTHORIZED_2026_07_27
PENC_067,䲟,19615,3278498288,0xC369E9F0,195,魚,13,3,左右,1695,0,鱼印,HUMAN_AUDIT_PROJECT_BASELINE_USER_AUTHORIZED_2026_07_27
PENC_068,䲠,19616,3280595456,0xC389EA00,195,魚,17,3,左右,1696,0,鱼春,HUMAN_AUDIT_PROJECT_BASELINE_USER_AUTHORIZED_2026_07_27
PENC_069,䲢,19618,3281119776,0xC391EA20,195,魚,18,3,左右,1698,0,月鲞,HUMAN_AUDIT_PROJECT_BASELINE_USER_AUTHORIZED_2026_07_27
PENC_070,䴓,19731,3293180208,0xC449F130,196,鳥,9,3,左右,1811,0,帀鸟,HUMAN_AUDIT_PROJECT_BASELINE_USER_AUTHORIZED_2026_07_27
PENC_071,䴔,19732,3294228800,0xC459F140,196,鳥,11,3,左右,1812,0,交鸟,HUMAN_AUDIT_PROJECT_BASELINE_USER_AUTHORIZED_2026_07_27
PENC_072,䴕,19733,3294163280,0xC458F150,196,鳥,11,1,上下,1813,0,列鸟,HUMAN_AUDIT_PROJECT_BASELINE_USER_AUTHORIZED_2026_07_27
PENC_073,䴖,19734,3295277408,0xC469F160,196,鳥,13,3,左右,1814,0,青鸟,HUMAN_AUDIT_PROJECT_BASELINE_USER_AUTHORIZED_2026_07_27
PENC_074,䴗,19735,3295801712,0xC471F170,196,鳥,14,3,左右,1815,0,狊鸟,HUMAN_AUDIT_PROJECT_BASELINE_USER_AUTHORIZED_2026_07_27
PENC_075,䴘,19736,3296326016,0xC479F180,196,鳥,15,3,左右,1816,0,虒鸟,HUMAN_AUDIT_PROJECT_BASELINE_USER_AUTHORIZED_2026_07_27
PENC_076,䴙,19737,3297898896,0xC491F190,196,鳥,18,3,左右,1817,0,辟鸟,HUMAN_AUDIT_PROJECT_BASELINE_USER_AUTHORIZED_2026_07_27
PENC_077,䶮,19886,3561552608,0xD448FAE0,212,龍,9,1,上下,1966,0,龙天,HUMAN_AUDIT_PROJECT_BASELINE_USER_AUTHORIZED_2026_07_27
PENC_078,鿍,40909,541695184,0x20499CD0,32,土,9,3,左右,461,0,土夅,HUMAN_AUDIT_PROJECT_BASELINE_USER_AUTHORIZED_2026_07_27
PENC_079,鿎,40910,1884921056,0x70599CE0,112,石,11,3,左右,462,0,石达,HUMAN_AUDIT_PROJECT_BASELINE_USER_AUTHORIZED_2026_07_27
PENC_080,鿏,40911,2808192240,0xA7619CF0,167,金,12,3,左右,463,0,钅麦,HUMAN_AUDIT_PROJECT_BASELINE_USER_AUTHORIZED_2026_07_27
PENC_081,𠅤,131428,140031552,0x0858B640,8,亠,11,1,上下,868,0,亠思,HUMAN_AUDIT_PROJECT_BASELINE_USER_AUTHORIZED_2026_07_27
PENC_082,𠙶,132726,287639392,0x11250760,17,凵,4,10,下三包,118,0,凵了,HUMAN_AUDIT_PROJECT_BASELINE_USER_AUTHORIZED_2026_07_27
PENC_083,𠳐,134352,508161280,0x1E49ED00,30,口,9,3,左右,1744,0,口邦,HUMAN_AUDIT_PROJECT_BASELINE_USER_AUTHORIZED_2026_07_27
PENC_084,𡎚,136090,543283616,0x2061D9A0,32,土,12,3,左右,1434,0,土扁,HUMAN_AUDIT_PROJECT_BASELINE_USER_AUTHORIZED_2026_07_27
PENC_085,𡐓,136211,544334128,0x2071E130,32,土,14,3,左右,1555,0,土康,HUMAN_AUDIT_PROJECT_BASELINE_USER_AUTHORIZED_2026_07_27
PENC_086,𣗋,144843,1265761456,0x4B71FCB0,75,木,14,3,左右,1995,0,土党,HUMAN_AUDIT_PROJECT_BASELINE_USER_AUTHORIZED_2026_07_27
PENC_087,𣲗,146583,1429858672,0x5539E970,85,水,7,3,左右,1687,0,氵韦,HUMAN_AUDIT_PROJECT_BASELINE_USER_AUTHORIZED_2026_07_27
PENC_088,𣲘,146584,1429858688,0x5539E980,85,水,7,3,左右,1688,0,氵无,HUMAN_AUDIT_PROJECT_BASELINE_USER_AUTHORIZED_2026_07_27
PENC_089,𣸣,146979,1432453680,0x55618230,85,水,12,3,左右,35,0,氵贲,HUMAN_AUDIT_PROJECT_BASELINE_USER_AUTHORIZED_2026_07_27
PENC_090,𤧛,149979,1617542576,0x6069BDB0,96,玄,13,3,左右,987,0,王帝,HUMAN_AUDIT_PROJECT_BASELINE_USER_AUTHORIZED_2026_07_27
PENC_091,𤩽,150141,1619642320,0x6089C7D0,96,玄,17,3,左右,1149,0,王献,HUMAN_AUDIT_PROJECT_BASELINE_USER_AUTHORIZED_2026_07_27
PENC_092,𤫉,150217,1621740688,0x60A9CC90,96,玄,21,3,左右,1225,0,王燮,HUMAN_AUDIT_PROJECT_BASELINE_USER_AUTHORIZED_2026_07_27
PENC_093,𥔲,152882,1886516000,0x7071F320,112,石,14,3,左右,1842,0,石咢,HUMAN_AUDIT_PROJECT_BASELINE_USER_AUTHORIZED_2026_07_27
PENC_094,𥕢,152930,1887565344,0x7081F620,112,石,16,3,左右,1890,0,石曹,HUMAN_AUDIT_PROJECT_BASELINE_USER_AUTHORIZED_2026_07_27
PENC_095,𥖨,153000,1888615040,0x7091FA80,112,石,18,3,左右,1960,0,石喿,HUMAN_AUDIT_PROJECT_BASELINE_USER_AUTHORIZED_2026_07_27
PENC_096,𥻗,155351,2004454768,0x77798D70,119,米,15,3,左右,215,0,米查,HUMAN_AUDIT_PROJECT_BASELINE_USER_AUTHORIZED_2026_07_27
PENC_097,𦈡,156193,2022294032,0x7889C210,120,糸,17,3,左右,1057,0,纟需,HUMAN_AUDIT_PROJECT_BASELINE_USER_AUTHORIZED_2026_07_27
PENC_098,𦒍,156813,2089937104,0x7C91E8D0,124,羽,18,3,左右,1677,0,童羽,HUMAN_AUDIT_PROJECT_BASELINE_USER_AUTHORIZED_2026_07_27
PENC_099,𦙶,157302,2185856864,0x82498760,130,⺼,9,3,左右,118,0,月古,HUMAN_AUDIT_PROJECT_BASELINE_USER_AUTHORIZED_2026_07_27
PENC_100,𦝼,157564,2187958208,0x826997C0,130,⺼,13,3,左右,380,0,月娄,HUMAN_AUDIT_PROJECT_BASELINE_USER_AUTHORIZED_2026_07_27
PENC_101,𦭜,158556,2353059264,0x8C40D5C0,140,艸,8,1,上下,1372,0,艹只,HUMAN_AUDIT_PROJECT_BASELINE_USER_AUTHORIZED_2026_07_27
PENC_102,𦰡,158753,2353586704,0x8C48E210,140,艸,9,1,上下,1569,0,艹那,HUMAN_AUDIT_PROJECT_BASELINE_USER_AUTHORIZED_2026_07_27
PENC_103,𧿹,163833,2640420752,0x9D619F90,157,足,12,3,左右,505,0,足母,HUMAN_AUDIT_PROJECT_BASELINE_USER_AUTHORIZED_2026_07_27
PENC_104,𨐈,164872,2672943232,0x9F51E080,159,车,10,3,左右,1544,0,车光,HUMAN_AUDIT_PROJECT_BASELINE_USER_AUTHORIZED_2026_07_27
PENC_105,𨙸,165496,2737932160,0xA3318780,163,邑,6,3,左右,120,0,支阝,HUMAN_AUDIT_PROJECT_BASELINE_USER_AUTHORIZED_2026_07_27
PENC_106,𨚕,165525,2738456912,0xA3398950,163,邑,7,3,左右,149,0,弁阝,HUMAN_AUDIT_PROJECT_BASELINE_USER_AUTHORIZED_2026_07_27
PENC_107,𨟠,165856,2745277952,0xA3A19E00,163,邑,20,3,左右,480,0,瞿阝,HUMAN_AUDIT_PROJECT_BASELINE_USER_AUTHORIZED_2026_07_27
PENC_108,𨭉,166729,2812335248,0xA7A0D490,167,金,20,1,上下,1353,0,斌金,HUMAN_AUDIT_PROJECT_BASELINE_USER_AUTHORIZED_2026_07_27
PENC_109,𨱇,166983,2808210544,0xA761E470,167,金,12,3,左右,1607,0,钅求,HUMAN_AUDIT_PROJECT_BASELINE_USER_AUTHORIZED_2026_07_27
PENC_110,𨱏,166991,2809259248,0xA771E4F0,167,金,14,3,左右,1615,0,钅荅,HUMAN_AUDIT_PROJECT_BASELINE_USER_AUTHORIZED_2026_07_27
PENC_111,𨱑,166993,2810307856,0xA781E510,167,金,16,3,左右,1617,0,钅黄,HUMAN_AUDIT_PROJECT_BASELINE_USER_AUTHORIZED_2026_07_27
PENC_112,𨱔,166996,2810832192,0xA789E540,167,金,17,3,左右,1620,0,钅尊,HUMAN_AUDIT_PROJECT_BASELINE_USER_AUTHORIZED_2026_07_27
PENC_113,𨺙,167577,2857470352,0xAA518990,170,阜,10,3,左右,153,0,阝兒,HUMAN_AUDIT_PROJECT_BASELINE_USER_AUTHORIZED_2026_07_27
PENC_114,𩽾,171902,3279001568,0xC37197E0,195,魚,14,3,左右,382,0,鱼安,HUMAN_AUDIT_PROJECT_BASELINE_USER_AUTHORIZED_2026_07_27
PENC_115,𩾃,171907,3279525936,0xC3799830,195,魚,15,3,左右,387,0,鱼免,HUMAN_AUDIT_PROJECT_BASELINE_USER_AUTHORIZED_2026_07_27
PENC_116,𩾌,171916,3281623232,0xC39998C0,195,魚,19,3,左右,396,0,鱼康,HUMAN_AUDIT_PROJECT_BASELINE_USER_AUTHORIZED_2026_07_27
PENC_117,𪟝,174045,324115920,0x13519DD0,19,力,10,3,左右,477,0,责力,HUMAN_AUDIT_PROJECT_BASELINE_USER_AUTHORIZED_2026_07_27
PENC_118,𪣻,174331,543272880,0x2061AFB0,32,土,12,3,左右,763,0,土娄,HUMAN_AUDIT_PROJECT_BASELINE_USER_AUTHORIZED_2026_07_27
PENC_119,𪤗,174359,544321904,0x2071B170,32,土,14,3,左右,791,0,土翏,HUMAN_AUDIT_PROJECT_BASELINE_USER_AUTHORIZED_2026_07_27
PENC_120,𪨰,174640,776585984,0x2E49C300,46,山,9,3,左右,1072,0,山曲,HUMAN_AUDIT_PROJECT_BASELINE_USER_AUTHORIZED_2026_07_27
PENC_121,𪨶,174646,777077600,0x2E514360,46,山,10,2,上中下,1078,0,山大车,HUMAN_AUDIT_PROJECT_BASELINE_USER_AUTHORIZED_2026_07_27
PENC_122,𪩘,174680,780256640,0x2E81C580,46,山,16,3,左右,1112,0,山献,HUMAN_AUDIT_PROJECT_BASELINE_USER_AUTHORIZED_2026_07_27
PENC_123,𪾢,176034,1833540128,0x6D499A20,109,目,9,3,左右,418,0,目见,HUMAN_AUDIT_PROJECT_BASELINE_USER_AUTHORIZED_2026_07_27
PENC_124,𫄧,176423,2018095728,0x7849B270,120,糸,9,3,左右,807,0,纟延,HUMAN_AUDIT_PROJECT_BASELINE_USER_AUTHORIZED_2026_07_27
PENC_125,𫄨,176424,2018620032,0x7851B280,120,糸,10,3,左右,808,0,纟希,HUMAN_AUDIT_PROJECT_BASELINE_USER_AUTHORIZED_2026_07_27
PENC_126,𫄷,176439,2021766000,0x7881B370,120,糸,16,3,左右,823,0,纟意,HUMAN_AUDIT_PROJECT_BASELINE_USER_AUTHORIZED_2026_07_27
PENC_127,𫄸,176440,2022290304,0x7889B380,120,糸,17,3,左右,824,0,纟熏,HUMAN_AUDIT_PROJECT_BASELINE_USER_AUTHORIZED_2026_07_27
PENC_128,𫇭,176621,2352529104,0x8C38BED0,140,艸,7,1,上下,1005,0,艹为,HUMAN_AUDIT_PROJECT_BASELINE_USER_AUTHORIZED_2026_07_27
PENC_129,𫌀,176896,2439630848,0x9169D000,145,衣,13,3,左右,1280,0,衤责,HUMAN_AUDIT_PROJECT_BASELINE_USER_AUTHORIZED_2026_07_27
PENC_130,𫍣,176995,2504119856,0x9541D630,149,言,8,3,左右,1379,0,讠同,HUMAN_AUDIT_PROJECT_BASELINE_USER_AUTHORIZED_2026_07_27
PENC_131,𫍯,177007,2505692912,0x9559D6F0,149,言,11,3,左右,1391,0,讠咸,HUMAN_AUDIT_PROJECT_BASELINE_USER_AUTHORIZED_2026_07_27
PENC_132,𫍲,177010,2505692960,0x9559D720,149,言,11,3,左右,1394,0,讠叟,HUMAN_AUDIT_PROJECT_BASELINE_USER_AUTHORIZED_2026_07_27
PENC_133,𫍽,177021,2507790288,0x9579D7D0,149,言,15,3,左右,1405,0,讠睘,HUMAN_AUDIT_PROJECT_BASELINE_USER_AUTHORIZED_2026_07_27
PENC_134,𫐄,177156,2671370304,0x9F39E040,159,车,7,3,左右,1540,0,车兀,HUMAN_AUDIT_PROJECT_BASELINE_USER_AUTHORIZED_2026_07_27
PENC_135,𫐐,177168,2673991936,0x9F61E100,159,车,12,3,左右,1552,0,车兒,HUMAN_AUDIT_PROJECT_BASELINE_USER_AUTHORIZED_2026_07_27
PENC_136,𫐓,177171,2674516272,0x9F69E130,159,车,13,3,左右,1555,0,车柔,HUMAN_AUDIT_PROJECT_BASELINE_USER_AUTHORIZED_2026_07_27
PENC_137,𫑡,177249,2740053520,0xA351E610,163,邑,10,3,左右,1633,0,黾阝,HUMAN_AUDIT_PROJECT_BASELINE_USER_AUTHORIZED_2026_07_27
PENC_138,𫓧,177383,2806640240,0xA749EE70,167,金,9,3,左右,1767,0,钅夫,HUMAN_AUDIT_PROJECT_BASELINE_USER_AUTHORIZED_2026_07_27
PENC_139,𫓯,177391,2807688944,0xA759EEF0,167,金,11,3,左右,1775,0,钅圭,HUMAN_AUDIT_PROJECT_BASELINE_USER_AUTHORIZED_2026_07_27
PENC_140,𫓶,177398,2808213344,0xA761EF60,167,金,12,3,左右,1782,0,钅肙,HUMAN_AUDIT_PROJECT_BASELINE_USER_AUTHORIZED_2026_07_27
PENC_141,𫓹,177401,2808737680,0xA769EF90,167,金,13,3,左右,1785,0,钅其,HUMAN_AUDIT_PROJECT_BASELINE_USER_AUTHORIZED_2026_07_27
PENC_142,𫔍,177421,2810835152,0xA789F0D0,167,金,17,3,左右,1805,0,钅番,HUMAN_AUDIT_PROJECT_BASELINE_USER_AUTHORIZED_2026_07_27
PENC_143,𫔎,177422,2810835168,0xA789F0E0,167,金,17,3,左右,1806,0,钅矞,HUMAN_AUDIT_PROJECT_BASELINE_USER_AUTHORIZED_2026_07_27
PENC_144,𫔶,177462,2842489696,0xA96CF360,169,門,13,9,上三包,1846,0,门臬,HUMAN_AUDIT_PROJECT_BASELINE_USER_AUTHORIZED_2026_07_27
PENC_145,𫖮,177582,3043097312,0xB561FAE0,181,頁,12,3,左右,1966,0,岂页,HUMAN_AUDIT_PROJECT_BASELINE_USER_AUTHORIZED_2026_07_27
PENC_146,𫖯,177583,3043097328,0xB561FAF0,181,頁,12,3,左右,1967,0,兆页,HUMAN_AUDIT_PROJECT_BASELINE_USER_AUTHORIZED_2026_07_27
PENC_147,𫖳,177587,3043621680,0xB569FB30,181,頁,13,3,左右,1971,0,君页,HUMAN_AUDIT_PROJECT_BASELINE_USER_AUTHORIZED_2026_07_27
PENC_148,𫗧,177639,3092381296,0xB851FE70,184,食,10,3,左右,2023,0,饣束,HUMAN_AUDIT_PROJECT_BASELINE_USER_AUTHORIZED_2026_07_27
PENC_149,𫗴,177652,3095527232,0xB881FF40,184,食,16,3,左右,2036,0,饣亶,HUMAN_AUDIT_PROJECT_BASELINE_USER_AUTHORIZED_2026_07_27
PENC_150,𫘜,177692,3141108160,0xBB3981C0,187,馬,7,3,左右,28,0,马文,HUMAN_AUDIT_PROJECT_BASELINE_USER_AUTHORIZED_2026_07_27
PENC_151,𫘝,177693,3141108176,0xBB3981D0,187,馬,7,3,左右,29,0,马夬,HUMAN_AUDIT_PROJECT_BASELINE_USER_AUTHORIZED_2026_07_27
PENC_152,𫘦,177702,3143205472,0xBB598260,187,馬,11,3,左右,38,0,马匋,HUMAN_AUDIT_PROJECT_BASELINE_USER_AUTHORIZED_2026_07_27
PENC_153,𫘧,177703,3143205488,0xBB598270,187,馬,11,3,左右,39,0,马录,HUMAN_AUDIT_PROJECT_BASELINE_USER_AUTHORIZED_2026_07_27
PENC_154,𫘨,177704,3143729792,0xBB618280,187,馬,12,3,左右,40,0,马是,HUMAN_AUDIT_PROJECT_BASELINE_USER_AUTHORIZED_2026_07_27
PENC_155,𫘪,177706,3144254112,0xBB6982A0,187,馬,13,3,左右,42,0,马原,HUMAN_AUDIT_PROJECT_BASELINE_USER_AUTHORIZED_2026_07_27
PENC_156,𫘬,177708,3144254144,0xBB6982C0,187,馬,13,3,左右,44,0,马奚,HUMAN_AUDIT_PROJECT_BASELINE_USER_AUTHORIZED_2026_07_27
PENC_157,𫚕,177813,3278997840,0xC3718950,195,魚,14,3,左右,149,0,鱼师,HUMAN_AUDIT_PROJECT_BASELINE_USER_AUTHORIZED_2026_07_27
PENC_158,𫚖,177814,3278932320,0xC3708960,195,魚,14,1,上下,150,0,此鱼,HUMAN_AUDIT_PROJECT_BASELINE_USER_AUTHORIZED_2026_07_27
PENC_159,𫚭,177837,3283716816,0xC3B98AD0,195,魚,23,3,左右,173,0,鱼巤,HUMAN_AUDIT_PROJECT_BASELINE_USER_AUTHORIZED_2026_07_27
PENC_160,𫛭,177901,3294662352,0xC4608ED0,196,鳥,12,1,上下,237,0,狂鸟,HUMAN_AUDIT_PROJECT_BASELINE_USER_AUTHORIZED_2026_07_27
PENC_161,𫞩,178089,1618057872,0x60719A90,96,玄,14,3,左右,425,0,𤣩𬜯,HUMAN_AUDIT_PROJECT_BASELINE_USER_AUTHORIZED_2026_07_27
PENC_162,𫟅,178117,2019138640,0x78599C50,120,糸,11,3,左右,453,0,纟京,HUMAN_AUDIT_PROJECT_BASELINE_USER_AUTHORIZED_2026_07_27
PENC_163,𫟦,178150,2676072032,0x9F819E60,159,车,16,3,左右,486,0,车遂,HUMAN_AUDIT_PROJECT_BASELINE_USER_AUTHORIZED_2026_07_27
PENC_164,𫟹,178169,2807668624,0xA7599F90,167,金,11,3,左右,505,0,钅共,HUMAN_AUDIT_PROJECT_BASELINE_USER_AUTHORIZED_2026_07_27
PENC_165,𫟼,178172,2807668672,0xA7599FC0,167,金,11,3,左右,508,0,钅达,HUMAN_AUDIT_PROJECT_BASELINE_USER_AUTHORIZED_2026_07_27
PENC_166,𫠆,178182,3042025568,0xB551A060,181,頁,10,3,左右,518,0,支页,HUMAN_AUDIT_PROJECT_BASELINE_USER_AUTHORIZED_2026_07_27
PENC_167,𫠊,178186,3141640352,0xBB41A0A0,187,馬,8,3,左右,522,0,马玄,HUMAN_AUDIT_PROJECT_BASELINE_USER_AUTHORIZED_2026_07_27
PENC_168,𫠜,178204,3548488128,0xD381A1C0,211,齒,16,3,左右,540,0,齿兒,HUMAN_AUDIT_PROJECT_BASELINE_USER_AUTHORIZED_2026_07_27
PENC_169,𫢸,178360,156347264,0x0951AB80,9,人,10,3,左右,696,0,亻单,HUMAN_AUDIT_PROJECT_BASELINE_USER_AUTHORIZED_2026_07_27
PENC_170,𫫇,178887,510250096,0x1E69CC70,30,口,13,3,左右,1223,0,口恶,HUMAN_AUDIT_PROJECT_BASELINE_USER_AUTHORIZED_2026_07_27
PENC_171,𫭟,179039,540661232,0x2039D5F0,32,土,7,3,左右,1375,0,土区,HUMAN_AUDIT_PROJECT_BASELINE_USER_AUTHORIZED_2026_07_27
PENC_172,𫭢,179042,540661280,0x2039D620,32,土,7,3,左右,1378,0,土仑,HUMAN_AUDIT_PROJECT_BASELINE_USER_AUTHORIZED_2026_07_27
PENC_173,𫭼,179068,542234560,0x2051D7C0,32,土,10,3,左右,1404,0,土劳,HUMAN_AUDIT_PROJECT_BASELINE_USER_AUTHORIZED_2026_07_27
PENC_174,𫮃,179075,542758960,0x2059D830,32,土,11,3,左右,1411,0,土单,HUMAN_AUDIT_PROJECT_BASELINE_USER_AUTHORIZED_2026_07_27
PENC_175,𫰛,179227,641851824,0x2641E1B0,38,女,8,3,左右,1563,0,女𢀖,HUMAN_AUDIT_PROJECT_BASELINE_USER_AUTHORIZED_2026_07_27
PENC_176,𫵷,179575,775550832,0x2E39F770,46,山,7,3,左右,1911,0,山历,HUMAN_AUDIT_PROJECT_BASELINE_USER_AUTHORIZED_2026_07_27
PENC_177,𫶇,179591,778172528,0x2E61F870,46,山,12,3,左右,1927,0,山带,HUMAN_AUDIT_PROJECT_BASELINE_USER_AUTHORIZED_2026_07_27
PENC_178,𫷷,179703,895680368,0x3562FF70,53,广,12,5,左上包,2039,0,广钦,HUMAN_AUDIT_PROJECT_BASELINE_USER_AUTHORIZED_2026_07_27
PENC_179,𫸩,179753,960070288,0x39398290,57,弓,7,3,左右,41,0,弓区,HUMAN_AUDIT_PROJECT_BASELINE_USER_AUTHORIZED_2026_07_27
PENC_180,𬀩,180265,1212261008,0x4841A290,72,日,8,3,左右,553,0,日韦,HUMAN_AUDIT_PROJECT_BASELINE_USER_AUTHORIZED_2026_07_27
PENC_181,𬀪,180266,1212261024,0x4841A2A0,72,日,8,3,左右,554,0,日见,HUMAN_AUDIT_PROJECT_BASELINE_USER_AUTHORIZED_2026_07_27
PENC_182,𬂩,180393,1263643280,0x4B51AA90,75,木,10,3,左右,681,0,木夹,HUMAN_AUDIT_PROJECT_BASELINE_USER_AUTHORIZED_2026_07_27
PENC_183,𬃊,180426,1264692384,0x4B61ACA0,75,木,12,3,左右,714,0,木质,HUMAN_AUDIT_PROJECT_BASELINE_USER_AUTHORIZED_2026_07_27
PENC_184,𬇕,180693,1429323088,0x5531BD50,85,水,6,3,左右,981,0,氵万,HUMAN_AUDIT_PROJECT_BASELINE_USER_AUTHORIZED_2026_07_27
PENC_185,𬇙,180697,1429847440,0x5539BD90,85,水,7,3,左右,985,0,氵贝,HUMAN_AUDIT_PROJECT_BASELINE_USER_AUTHORIZED_2026_07_27
PENC_186,𬇹,180729,1431945104,0x5559BF90,85,水,11,3,左右,1017,0,氵国,HUMAN_AUDIT_PROJECT_BASELINE_USER_AUTHORIZED_2026_07_27
PENC_187,𬉼,180860,1447151552,0x5641C7C0,86,火,8,3,左右,1148,0,火区,HUMAN_AUDIT_PROJECT_BASELINE_USER_AUTHORIZED_2026_07_27
PENC_188,𬊈,180872,1448200320,0x5651C880,86,火,10,3,左右,1160,0,火寻,HUMAN_AUDIT_PROJECT_BASELINE_USER_AUTHORIZED_2026_07_27
PENC_189,𬊤,180900,1449249344,0x5661CA40,86,火,12,3,左右,1188,0,火单,HUMAN_AUDIT_PROJECT_BASELINE_USER_AUTHORIZED_2026_07_27
PENC_190,𬌗,181015,1548865904,0x5C51D170,92,牙,10,3,左右,1303,0,牙合,HUMAN_AUDIT_PROJECT_BASELINE_USER_AUTHORIZED_2026_07_27
PENC_191,𬍛,181083,1615451568,0x6049D5B0,96,玄,9,3,左右,1371,0,王乐,HUMAN_AUDIT_PROJECT_BASELINE_USER_AUTHORIZED_2026_07_27
PENC_192,𬍡,181089,1616434704,0x6058D610,96,玄,11,1,上下,1377,0,汤玉,HUMAN_AUDIT_PROJECT_BASELINE_USER_AUTHORIZED_2026_07_27
PENC_193,𬍤,181092,1615976000,0x6051D640,96,玄,10,3,左右,1380,0,王寻,HUMAN_AUDIT_PROJECT_BASELINE_USER_AUTHORIZED_2026_07_27
PENC_194,𬒈,181384,1884383360,0x70516880,112,石,10,2,上中下,1672,0,石,HUMAN_AUDIT_PROJECT_BASELINE_USER_AUTHORIZED_2026_07_27
PENC_195,𬒔,181396,1885989184,0x7069E940,112,石,13,3,左右,1684,0,石肯,HUMAN_AUDIT_PROJECT_BASELINE_USER_AUTHORIZED_2026_07_27
PENC_196,𬒗,181399,1886513520,0x7071E970,112,石,14,3,左右,1687,0,石览,HUMAN_AUDIT_PROJECT_BASELINE_USER_AUTHORIZED_2026_07_27
PENC_197,𬕂,181570,1986589728,0x7668F420,118,⺮,13,1,上下,1858,0,⺮页,HUMAN_AUDIT_PROJECT_BASELINE_USER_AUTHORIZED_2026_07_27
PENC_198,𬘓,181779,2016510256,0x78318130,120,糸,6,3,左右,19,0,纟川,HUMAN_AUDIT_PROJECT_BASELINE_USER_AUTHORIZED_2026_07_27
PENC_199,𬘘,181784,2017034624,0x78398180,120,糸,7,3,左右,24,0,纟冘,HUMAN_AUDIT_PROJECT_BASELINE_USER_AUTHORIZED_2026_07_27
PENC_200,𬘡,181793,2018083344,0x78498210,120,糸,9,3,左右,33,0,纟因,HUMAN_AUDIT_PROJECT_BASELINE_USER_AUTHORIZED_2026_07_27
PENC_201,𬘩,181801,2018083472,0x78498290,120,糸,9,3,左右,41,0,纟廷,HUMAN_AUDIT_PROJECT_BASELINE_USER_AUTHORIZED_2026_07_27
PENC_202,𬘫,181803,2018607792,0x785182B0,120,糸,10,3,左右,43,0,纟完,HUMAN_AUDIT_PROJECT_BASELINE_USER_AUTHORIZED_2026_07_27
PENC_203,𬘬,181804,2019132096,0x785982C0,120,糸,11,3,左右,44,0,纟青,HUMAN_AUDIT_PROJECT_BASELINE_USER_AUTHORIZED_2026_07_27
PENC_204,𬘭,181805,2019132112,0x785982D0,120,糸,11,3,左右,45,0,纟林,HUMAN_AUDIT_PROJECT_BASELINE_USER_AUTHORIZED_2026_07_27
PENC_205,𬘯,181807,2019132144,0x785982F0,120,糸,11,3,左右,47,0,纟享,HUMAN_AUDIT_PROJECT_BASELINE_USER_AUTHORIZED_2026_07_27
PENC_206,𬙂,181826,2020705312,0x78718420,120,糸,14,3,左右,66,0,纟寅,HUMAN_AUDIT_PROJECT_BASELINE_USER_AUTHORIZED_2026_07_27
PENC_207,𬙊,181834,2022802592,0x789184A0,120,糸,18,3,左右,74,0,纟墨,HUMAN_AUDIT_PROJECT_BASELINE_USER_AUTHORIZED_2026_07_27
PENC_208,𬙋,181835,2023851184,0x78A184B0,120,糸,20,3,左右,75,0,纟襄,HUMAN_AUDIT_PROJECT_BASELINE_USER_AUTHORIZED_2026_07_27
PENC_209,𬜬,182060,2353566400,0x8C4892C0,140,艸,9,1,上下,300,0,艹问,HUMAN_AUDIT_PROJECT_BASELINE_USER_AUTHORIZED_2026_07_27
PENC_210,𬜯,182063,2354090736,0x8C5092F0,140,艸,10,1,上下,303,0,艹两,HUMAN_AUDIT_PROJECT_BASELINE_USER_AUTHORIZED_2026_07_27
PENC_211,𬞟,182175,2357238256,0x8C8099F0,140,艸,16,1,上下,415,0,艹频,HUMAN_AUDIT_PROJECT_BASELINE_USER_AUTHORIZED_2026_07_27
PENC_212,𬟁,182209,2358287376,0x8C909C10,140,艸,18,1,上下,449,0,艹鬲鸟,HUMAN_AUDIT_PROJECT_BASELINE_USER_AUTHORIZED_2026_07_27
PENC_213,𬟽,182269,2388238288,0x8E599FD0,142,虫,11,3,左右,509,0,虫东,HUMAN_AUDIT_PROJECT_BASELINE_USER_AUTHORIZED_2026_07_27
PENC_214,𬣙,182489,2502536592,0x9529AD90,149,言,5,3,左右,729,0,讠于,HUMAN_AUDIT_PROJECT_BASELINE_USER_AUTHORIZED_2026_07_27
PENC_215,𬣞,182494,2503060960,0x9531ADE0,149,言,6,3,左右,734,0,讠㝉,HUMAN_AUDIT_PROJECT_BASELINE_USER_AUTHORIZED_2026_07_27
PENC_216,𬣡,182497,2503585296,0x9539AE10,149,言,7,3,左右,737,0,讠戋,HUMAN_AUDIT_PROJECT_BASELINE_USER_AUTHORIZED_2026_07_27
PENC_217,𬣳,182515,2504109872,0x9541AF30,149,言,8,3,左右,755,0,讠艮,HUMAN_AUDIT_PROJECT_BASELINE_USER_AUTHORIZED_2026_07_27
PENC_218,𬤇,182535,2505683056,0x9559B070,149,言,11,3,左右,775,0,讠垔,HUMAN_AUDIT_PROJECT_BASELINE_USER_AUTHORIZED_2026_07_27
PENC_219,𬤊,182538,2505683104,0x9559B0A0,149,言,11,3,左右,778,0,讠是,HUMAN_AUDIT_PROJECT_BASELINE_USER_AUTHORIZED_2026_07_27
PENC_220,𬤝,182557,2507256272,0x9571B1D0,149,言,14,3,左右,797,0,讠惠,HUMAN_AUDIT_PROJECT_BASELINE_USER_AUTHORIZED_2026_07_27
PENC_221,𬨂,182786,2671886368,0x9F41C020,159,车,8,3,左右,1026,0,车氏,HUMAN_AUDIT_PROJECT_BASELINE_USER_AUTHORIZED_2026_07_27
PENC_222,𬨎,182798,2674508000,0x9F69C0E0,159,车,13,3,左右,1038,0,车酋,HUMAN_AUDIT_PROJECT_BASELINE_USER_AUTHORIZED_2026_07_27
PENC_223,𬩽,182909,2738997200,0xA341C7D0,163,邑,8,3,左右,1149,0,寻阝,HUMAN_AUDIT_PROJECT_BASELINE_USER_AUTHORIZED_2026_07_27
PENC_224,𬪩,182953,2758396560,0xA469CA90,164,酉,13,3,左右,1193,0,酉农,HUMAN_AUDIT_PROJECT_BASELINE_USER_AUTHORIZED_2026_07_27
PENC_225,𬬩,183081,2806108816,0xA741D290,167,金,8,3,左右,1321,0,钅戈,HUMAN_AUDIT_PROJECT_BASELINE_USER_AUTHORIZED_2026_07_27
PENC_226,𬬭,183085,2806633168,0xA749D2D0,167,金,9,3,左右,1325,0,钅仑,HUMAN_AUDIT_PROJECT_BASELINE_USER_AUTHORIZED_2026_07_27
PENC_227,𬬮,183086,2806633184,0xA749D2E0,167,金,9,3,左右,1326,0,钅长,HUMAN_AUDIT_PROJECT_BASELINE_USER_AUTHORIZED_2026_07_27
PENC_228,𬬱,183089,2806633232,0xA749D310,167,金,9,3,左右,1329,0,钅斤,HUMAN_AUDIT_PROJECT_BASELINE_USER_AUTHORIZED_2026_07_27
PENC_229,𬬸,183096,2807157632,0xA751D380,167,金,10,3,左右,1336,0,钅术,HUMAN_AUDIT_PROJECT_BASELINE_USER_AUTHORIZED_2026_07_27
PENC_230,𬬹,183097,2807157648,0xA751D390,167,金,10,3,左右,1337,0,钅申,HUMAN_AUDIT_PROJECT_BASELINE_USER_AUTHORIZED_2026_07_27
PENC_231,𬬻,183099,2807157680,0xA751D3B0,167,金,10,3,左右,1339,0,钅卢,HUMAN_AUDIT_PROJECT_BASELINE_USER_AUTHORIZED_2026_07_27
PENC_232,𬬿,183103,2807157744,0xA751D3F0,167,金,10,3,左右,1343,0,钅召,HUMAN_AUDIT_PROJECT_BASELINE_USER_AUTHORIZED_2026_07_27
PENC_233,𬭁,183105,2807157776,0xA751D410,167,金,10,3,左右,1345,0,钅母,HUMAN_AUDIT_PROJECT_BASELINE_USER_AUTHORIZED_2026_07_27
PENC_234,𬭊,183114,2808206496,0xA761D4A0,167,金,12,3,左右,1354,0,钅木土,HUMAN_AUDIT_PROJECT_BASELINE_USER_AUTHORIZED_2026_07_27
PENC_235,𬭎,183118,2808206560,0xA761D4E0,167,金,12,3,左右,1358,0,钅宏,HUMAN_AUDIT_PROJECT_BASELINE_USER_AUTHORIZED_2026_07_27
PENC_236,𬭚,183130,2808731040,0xA769D5A0,167,金,13,3,左右,1370,0,钅享,HUMAN_AUDIT_PROJECT_BASELINE_USER_AUTHORIZED_2026_07_27
PENC_237,𬭛,183131,2808731056,0xA769D5B0,167,金,13,3,左右,1371,0,钅波,HUMAN_AUDIT_PROJECT_BASELINE_USER_AUTHORIZED_2026_07_27
PENC_238,𬭤,183140,2809255488,0xA771D640,167,金,14,3,左右,1380,0,钅侯,HUMAN_AUDIT_PROJECT_BASELINE_USER_AUTHORIZED_2026_07_27
PENC_239,𬭩,183145,2809779856,0xA779D690,167,金,15,3,左右,1385,0,钅翁,HUMAN_AUDIT_PROJECT_BASELINE_USER_AUTHORIZED_2026_07_27
PENC_240,𬭬,183148,2810304192,0xA781D6C0,167,金,16,3,左右,1388,0,钅彗,HUMAN_AUDIT_PROJECT_BASELINE_USER_AUTHORIZED_2026_07_27
PENC_241,𬭯,183151,2810304240,0xA781D6F0,167,金,16,3,左右,1391,0,钅敝,HUMAN_AUDIT_PROJECT_BASELINE_USER_AUTHORIZED_2026_07_27
PENC_242,𬭳,183155,2810828592,0xA789D730,167,金,17,3,左右,1395,0,钅喜,HUMAN_AUDIT_PROJECT_BASELINE_USER_AUTHORIZED_2026_07_27
PENC_243,𬭶,183158,2810828640,0xA789D760,167,金,17,3,左右,1398,0,钅黑,HUMAN_AUDIT_PROJECT_BASELINE_USER_AUTHORIZED_2026_07_27
PENC_244,𬭸,183160,2810828672,0xA789D780,167,金,17,3,左右,1400,0,钅粦,HUMAN_AUDIT_PROJECT_BASELINE_USER_AUTHORIZED_2026_07_27
PENC_245,𬭼,183164,2810828736,0xA789D7C0,167,金,17,3,左右,1404,0,钅隧,HUMAN_AUDIT_PROJECT_BASELINE_USER_AUTHORIZED_2026_07_27
PENC_246,𬮱,183217,2841959184,0xA964DB10,169,門,12,9,上三包,1457,0,门垔,HUMAN_AUDIT_PROJECT_BASELINE_USER_AUTHORIZED_2026_07_27
PENC_247,𬮿,183231,2856442864,0xAA41DBF0,170,阜,8,3,左右,1471,0,阝岂,HUMAN_AUDIT_PROJECT_BASELINE_USER_AUTHORIZED_2026_07_27
PENC_248,𬯀,183232,2856442880,0xAA41DC00,170,阜,8,3,左右,1472,0,阝齐,HUMAN_AUDIT_PROJECT_BASELINE_USER_AUTHORIZED_2026_07_27
PENC_249,𬯎,183246,2858015968,0xAA59DCE0,170,阜,11,3,左右,1486,0,阝贵,HUMAN_AUDIT_PROJECT_BASELINE_USER_AUTHORIZED_2026_07_27
PENC_250,𬱖,183382,3042567520,0xB559E560,181,頁,11,3,左右,1622,0,由页,HUMAN_AUDIT_PROJECT_BASELINE_USER_AUTHORIZED_2026_07_27
PENC_251,𬱟,183391,3043091952,0xB561E5F0,181,頁,12,3,左右,1631,0,危页,HUMAN_AUDIT_PROJECT_BASELINE_USER_AUTHORIZED_2026_07_27
PENC_252,𬳵,183541,3141660496,0xBB41EF50,187,馬,8,3,左右,1781,0,马丕,HUMAN_AUDIT_PROJECT_BASELINE_USER_AUTHORIZED_2026_07_27
PENC_253,𬳶,183542,3141660512,0xBB41EF60,187,馬,8,3,左右,1782,0,马冋,HUMAN_AUDIT_PROJECT_BASELINE_USER_AUTHORIZED_2026_07_27
PENC_254,𬳽,183549,3142184912,0xBB49EFD0,187,馬,9,3,左右,1789,0,马先,HUMAN_AUDIT_PROJECT_BASELINE_USER_AUTHORIZED_2026_07_27
PENC_255,𬳿,183551,3142709232,0xBB51EFF0,187,馬,10,3,左右,1791,0,马余,HUMAN_AUDIT_PROJECT_BASELINE_USER_AUTHORIZED_2026_07_27
PENC_256,𬴂,183554,3143233568,0xBB59F020,187,馬,11,3,左右,1794,0,马非,HUMAN_AUDIT_PROJECT_BASELINE_USER_AUTHORIZED_2026_07_27
PENC_257,𬴃,183555,3143757872,0xBB61F030,187,馬,12,3,左右,1795,0,马砉,HUMAN_AUDIT_PROJECT_BASELINE_USER_AUTHORIZED_2026_07_27
PENC_258,𬴊,183562,3145330848,0xBB79F0A0,187,馬,15,3,左右,1802,0,马粦,HUMAN_AUDIT_PROJECT_BASELINE_USER_AUTHORIZED_2026_07_27
PENC_259,𬶋,183691,3278502064,0xC369F8B0,195,魚,13,3,左右,1931,0,鱼句,HUMAN_AUDIT_PROJECT_BASELINE_USER_AUTHORIZED_2026_07_27
PENC_260,𬶍,183693,3278502096,0xC369F8D0,195,魚,13,3,左右,1933,0,鱼它,HUMAN_AUDIT_PROJECT_BASELINE_USER_AUTHORIZED_2026_07_27
PENC_261,𬶏,183695,3279026416,0xC371F8F0,195,魚,14,3,左右,1935,0,鱼危,HUMAN_AUDIT_PROJECT_BASELINE_USER_AUTHORIZED_2026_07_27
PENC_262,𬶐,183696,3279026432,0xC371F900,195,魚,14,3,左右,1936,0,鱼兆,HUMAN_AUDIT_PROJECT_BASELINE_USER_AUTHORIZED_2026_07_27
PENC_263,𬶟,183711,3280599536,0xC389F9F0,195,魚,17,3,左右,1951,0,鱼刺,HUMAN_AUDIT_PROJECT_BASELINE_USER_AUTHORIZED_2026_07_27
PENC_264,𬶠,183712,3280599552,0xC389FA00,195,魚,17,3,左右,1952,0,鱼柬,HUMAN_AUDIT_PROJECT_BASELINE_USER_AUTHORIZED_2026_07_27
PENC_265,𬶨,183720,3280534144,0xC388FA80,195,魚,17,1,上下,1960,0,既鱼,HUMAN_AUDIT_PROJECT_BASELINE_USER_AUTHORIZED_2026_07_27
PENC_266,𬶭,183725,3281648336,0xC399FAD0,195,魚,19,3,左右,1965,0,鱼祭,HUMAN_AUDIT_PROJECT_BASELINE_USER_AUTHORIZED_2026_07_27
PENC_267,𬶮,183726,3282172640,0xC3A1FAE0,195,魚,20,3,左右,1966,0,鱼鸟,HUMAN_AUDIT_PROJECT_BASELINE_USER_AUTHORIZED_2026_07_27
PENC_268,𬷕,183765,3294756176,0xC461FD50,196,鳥,12,3,左右,2005,0,甫鸟,HUMAN_AUDIT_PROJECT_BASELINE_USER_AUTHORIZED_2026_07_27
PENC_269,𬸘,183832,3295773056,0xC4718180,196,鳥,14,3,左右,24,0,匽鸟,HUMAN_AUDIT_PROJECT_BASELINE_USER_AUTHORIZED_2026_07_27
PENC_270,𬸚,183834,3295707552,0xC47081A0,196,鳥,14,1,上下,26,0,狱鸟,HUMAN_AUDIT_PROJECT_BASELINE_USER_AUTHORIZED_2026_07_27
PENC_271,𬸣,183843,3296231984,0xC4788230,196,鳥,15,1,上下,35,0,鸟,HUMAN_AUDIT_PROJECT_BASELINE_USER_AUTHORIZED_2026_07_27
PENC_272,𬸦,183846,3296756320,0xC4808260,196,鳥,16,1,上下,38,0,族鸟,HUMAN_AUDIT_PROJECT_BASELINE_USER_AUTHORIZED_2026_07_27
PENC_273,𬸪,183850,3297346208,0xC48982A0,196,鳥,17,3,左右,42,0,齿奇,HUMAN_AUDIT_PROJECT_BASELINE_USER_AUTHORIZED_2026_07_27
PENC_274,𬹼,183932,3546384320,0xD36187C0,211,齒,12,3,左右,124,0,齿介,HUMAN_AUDIT_PROJECT_BASELINE_USER_AUTHORIZED_2026_07_27
PENC_275,𬺈,183944,3548481664,0xD3818880,211,齒,16,3,左右,136,0,齿奇,HUMAN_AUDIT_PROJECT_BASELINE_USER_AUTHORIZED_2026_07_27
PENC_276,𬺓,183955,3551103280,0xD3A98930,211,齒,21,3,左右,147,0,齿楚,HUMAN_AUDIT_PROJECT_BASELINE_USER_AUTHORIZED_2026_07_27
