row_id,char,unicode,approved_struct_name,approval_scope,approval_reference,decomposition_status,radical_status,stroke_status,candidate_cnbe_status,source_table_write_authorized
PENC_169,𫢸,U+2B8B8,左右,structure_label_only,project_owner_human_audit_2026-07-25,PENDING_DECOMPOSITION_TREE,PENDING_DUAL_SOURCE,USE_INVENTORY_STATUS_NOT_APPROVED_HERE,NOT_GENERATED,false
PENC_170,𫫇,U+2BAC7,左右,structure_label_only,project_owner_human_audit_2026-07-25,PENDING_DECOMPOSITION_TREE,PENDING_DUAL_SOURCE,USE_INVENTORY_STATUS_NOT_APPROVED_HERE,NOT_GENERATED,false
PENC_171,𫭟,U+2BB5F,左右,structure_label_only,project_owner_human_audit_2026-07-25,PENDING_DECOMPOSITION_TREE,PENDING_DUAL_SOURCE,USE_INVENTORY_STATUS_NOT_APPROVED_HERE,NOT_GENERATED,false
PENC_172,𫭢,U+2BB62,左右,structure_label_only,project_owner_human_audit_2026-07-25,PENDING_DECOMPOSITION_TREE,PENDING_DUAL_SOURCE,USE_INVENTORY_STATUS_NOT_APPROVED_HERE,NOT_GENERATED,false
PENC_173,𫭼,U+2BB7C,左右,structure_label_only,project_owner_human_audit_2026-07-25,PENDING_DECOMPOSITION_TREE,PENDING_DUAL_SOURCE,USE_INVENTORY_STATUS_NOT_APPROVED_HERE,NOT_GENERATED,false
PENC_174,𫮃,U+2BB83,左右,structure_label_only,project_owner_human_audit_2026-07-25,PENDING_DECOMPOSITION_TREE,PENDING_DUAL_SOURCE,USE_INVENTORY_STATUS_NOT_APPROVED_HERE,NOT_GENERATED,false
PENC_175,𫰛,U+2BC1B,左右,structure_label_only,project_owner_human_audit_2026-07-25,PENDING_DECOMPOSITION_TREE,PENDING_DUAL_SOURCE,USE_INVENTORY_STATUS_NOT_APPROVED_HERE,NOT_GENERATED,false
PENC_176,𫵷,U+2BD77,左右,structure_label_only,project_owner_human_audit_2026-07-25,PENDING_DECOMPOSITION_TREE,PENDING_DUAL_SOURCE,USE_INVENTORY_STATUS_NOT_APPROVED_HERE,NOT_GENERATED,false
PENC_177,𫶇,U+2BD87,左右,structure_label_only,project_owner_human_audit_2026-07-25,PENDING_DECOMPOSITION_TREE,PENDING_DUAL_SOURCE,USE_INVENTORY_STATUS_NOT_APPROVED_HERE,NOT_GENERATED,false
PENC_178,𫷷,U+2BDF7,左上包,structure_label_only,project_owner_human_audit_2026-07-25,PENDING_DECOMPOSITION_TREE,PENDING_DUAL_SOURCE,USE_INVENTORY_STATUS_NOT_APPROVED_HERE,NOT_GENERATED,false
PENC_179,𫸩,U+2BE29,左右,structure_label_only,project_owner_human_audit_2026-07-25,PENDING_DECOMPOSITION_TREE,PENDING_DUAL_SOURCE,USE_INVENTORY_STATUS_NOT_APPROVED_HERE,NOT_GENERATED,false
PENC_180,𬀩,U+2C029,左右,structure_label_only,project_owner_human_audit_2026-07-25,PENDING_DECOMPOSITION_TREE,PENDING_DUAL_SOURCE,USE_INVENTORY_STATUS_NOT_APPROVED_HERE,NOT_GENERATED,false
PENC_181,𬀪,U+2C02A,左右,structure_label_only,project_owner_human_audit_2026-07-25,PENDING_DECOMPOSITION_TREE,PENDING_DUAL_SOURCE,USE_INVENTORY_STATUS_NOT_APPROVED_HERE,NOT_GENERATED,false
PENC_182,𬂩,U+2C0A9,左右,structure_label_only,project_owner_human_audit_2026-07-25,PENDING_DECOMPOSITION_TREE,PENDING_DUAL_SOURCE,USE_INVENTORY_STATUS_NOT_APPROVED_HERE,NOT_GENERATED,false
PENC_183,𬃊,U+2C0CA,左右,structure_label_only,project_owner_human_audit_2026-07-25,PENDING_DECOMPOSITION_TREE,PENDING_DUAL_SOURCE,USE_INVENTORY_STATUS_NOT_APPROVED_HERE,NOT_GENERATED,false
PENC_184,𬇕,U+2C1D5,左右,structure_label_only,project_owner_human_audit_2026-07-25,PENDING_DECOMPOSITION_TREE,PENDING_DUAL_SOURCE,USE_INVENTORY_STATUS_NOT_APPROVED_HERE,NOT_GENERATED,false
PENC_185,𬇙,U+2C1D9,左右,structure_label_only,project_owner_human_audit_2026-07-25,PENDING_DECOMPOSITION_TREE,PENDING_DUAL_SOURCE,USE_INVENTORY_STATUS_NOT_APPROVED_HERE,NOT_GENERATED,false
PENC_186,𬇹,U+2C1F9,左右,structure_label_only,project_owner_human_audit_2026-07-25,PENDING_DECOMPOSITION_TREE,PENDING_DUAL_SOURCE,USE_INVENTORY_STATUS_NOT_APPROVED_HERE,NOT_GENERATED,false
PENC_187,𬉼,U+2C27C,左右,structure_label_only,project_owner_human_audit_2026-07-25,PENDING_DECOMPOSITION_TREE,PENDING_DUAL_SOURCE,USE_INVENTORY_STATUS_NOT_APPROVED_HERE,NOT_GENERATED,false
PENC_188,𬊈,U+2C288,左右,structure_label_only,project_owner_human_audit_2026-07-25,PENDING_DECOMPOSITION_TREE,PENDING_DUAL_SOURCE,USE_INVENTORY_STATUS_NOT_APPROVED_HERE,NOT_GENERATED,false
PENC_189,𬊤,U+2C2A4,左右,structure_label_only,project_owner_human_audit_2026-07-25,PENDING_DECOMPOSITION_TREE,PENDING_DUAL_SOURCE,USE_INVENTORY_STATUS_NOT_APPROVED_HERE,NOT_GENERATED,false
PENC_190,𬌗,U+2C317,左右,structure_label_only,project_owner_human_audit_2026-07-25,PENDING_DECOMPOSITION_TREE,PENDING_DUAL_SOURCE,USE_INVENTORY_STATUS_NOT_APPROVED_HERE,NOT_GENERATED,false
PENC_191,𬍛,U+2C35B,左右,structure_label_only,project_owner_human_audit_2026-07-25,PENDING_DECOMPOSITION_TREE,PENDING_DUAL_SOURCE,USE_INVENTORY_STATUS_NOT_APPROVED_HERE,NOT_GENERATED,false
PENC_192,𬍡,U+2C361,上下,structure_label_only,project_owner_human_audit_2026-07-25,PENDING_DECOMPOSITION_TREE,PENDING_DUAL_SOURCE,USE_INVENTORY_STATUS_NOT_APPROVED_HERE,NOT_GENERATED,false
PENC_193,𬍤,U+2C364,左右,structure_label_only,project_owner_human_audit_2026-07-25,PENDING_DECOMPOSITION_TREE,PENDING_DUAL_SOURCE,USE_INVENTORY_STATUS_NOT_APPROVED_HERE,NOT_GENERATED,false
PENC_194,𬒈,U+2C488,上中下,structure_label_only,project_owner_human_audit_2026-07-25,PENDING_DECOMPOSITION_TREE,PENDING_DUAL_SOURCE,USE_INVENTORY_STATUS_NOT_APPROVED_HERE,NOT_GENERATED,false
PENC_195,𬒔,U+2C494,左右,structure_label_only,project_owner_human_audit_2026-07-25,PENDING_DECOMPOSITION_TREE,PENDING_DUAL_SOURCE,USE_INVENTORY_STATUS_NOT_APPROVED_HERE,NOT_GENERATED,false
PENC_196,𬒗,U+2C497,左右,structure_label_only,project_owner_human_audit_2026-07-25,PENDING_DECOMPOSITION_TREE,PENDING_DUAL_SOURCE,USE_INVENTORY_STATUS_NOT_APPROVED_HERE,NOT_GENERATED,false
PENC_197,𬕂,U+2C542,上下,structure_label_only,project_owner_human_audit_2026-07-25,PENDING_DECOMPOSITION_TREE,PENDING_DUAL_SOURCE,USE_INVENTORY_STATUS_NOT_APPROVED_HERE,NOT_GENERATED,false
PENC_198,𬘓,U+2C613,左右,structure_label_only,project_owner_human_audit_2026-07-25,PENDING_DECOMPOSITION_TREE,PENDING_DUAL_SOURCE,USE_INVENTORY_STATUS_NOT_APPROVED_HERE,NOT_GENERATED,false
PENC_199,𬘘,U+2C618,左右,structure_label_only,project_owner_human_audit_2026-07-25,PENDING_DECOMPOSITION_TREE,PENDING_DUAL_SOURCE,USE_INVENTORY_STATUS_NOT_APPROVED_HERE,NOT_GENERATED,false
PENC_200,𬘡,U+2C621,左右,structure_label_only,project_owner_human_audit_2026-07-25,PENDING_DECOMPOSITION_TREE,PENDING_DUAL_SOURCE,USE_INVENTORY_STATUS_NOT_APPROVED_HERE,NOT_GENERATED,false
PENC_201,𬘩,U+2C629,左右,structure_label_only,project_owner_human_audit_2026-07-25,PENDING_DECOMPOSITION_TREE,PENDING_DUAL_SOURCE,USE_INVENTORY_STATUS_NOT_APPROVED_HERE,NOT_GENERATED,false
PENC_202,𬘫,U+2C62B,左右,structure_label_only,project_owner_human_audit_2026-07-25,PENDING_DECOMPOSITION_TREE,PENDING_DUAL_SOURCE,USE_INVENTORY_STATUS_NOT_APPROVED_HERE,NOT_GENERATED,false
PENC_203,𬘬,U+2C62C,左右,structure_label_only,project_owner_human_audit_2026-07-25,PENDING_DECOMPOSITION_TREE,PENDING_DUAL_SOURCE,USE_INVENTORY_STATUS_NOT_APPROVED_HERE,NOT_GENERATED,false
PENC_204,𬘭,U+2C62D,左右,structure_label_only,project_owner_human_audit_2026-07-25,PENDING_DECOMPOSITION_TREE,PENDING_DUAL_SOURCE,USE_INVENTORY_STATUS_NOT_APPROVED_HERE,NOT_GENERATED,false
PENC_205,𬘯,U+2C62F,左右,structure_label_only,project_owner_human_audit_2026-07-25,PENDING_DECOMPOSITION_TREE,PENDING_DUAL_SOURCE,USE_INVENTORY_STATUS_NOT_APPROVED_HERE,NOT_GENERATED,false
PENC_206,𬙂,U+2C642,左右,structure_label_only,project_owner_human_audit_2026-07-25,PENDING_DECOMPOSITION_TREE,PENDING_DUAL_SOURCE,USE_INVENTORY_STATUS_NOT_APPROVED_HERE,NOT_GENERATED,false
PENC_207,𬙊,U+2C64A,左右,structure_label_only,project_owner_human_audit_2026-07-25,PENDING_DECOMPOSITION_TREE,PENDING_DUAL_SOURCE,USE_INVENTORY_STATUS_NOT_APPROVED_HERE,NOT_GENERATED,false
PENC_208,𬙋,U+2C64B,左右,structure_label_only,project_owner_human_audit_2026-07-25,PENDING_DECOMPOSITION_TREE,PENDING_DUAL_SOURCE,USE_INVENTORY_STATUS_NOT_APPROVED_HERE,NOT_GENERATED,false
PENC_209,𬜬,U+2C72C,上下,structure_label_only,project_owner_human_audit_2026-07-25,PENDING_DECOMPOSITION_TREE,PENDING_DUAL_SOURCE,USE_INVENTORY_STATUS_NOT_APPROVED_HERE,NOT_GENERATED,false
PENC_210,𬜯,U+2C72F,上下,structure_label_only,project_owner_human_audit_2026-07-25,PENDING_DECOMPOSITION_TREE,PENDING_DUAL_SOURCE,USE_INVENTORY_STATUS_NOT_APPROVED_HERE,NOT_GENERATED,false
PENC_211,𬞟,U+2C79F,上下,structure_label_only,project_owner_human_audit_2026-07-25,PENDING_DECOMPOSITION_TREE,PENDING_DUAL_SOURCE,USE_INVENTORY_STATUS_NOT_APPROVED_HERE,NOT_GENERATED,false
PENC_212,𬟁,U+2C7C1,上下,structure_label_only,project_owner_human_audit_2026-07-25,PENDING_DECOMPOSITION_TREE,PENDING_DUAL_SOURCE,USE_INVENTORY_STATUS_NOT_APPROVED_HERE,NOT_GENERATED,false
PENC_213,𬟽,U+2C7FD,左右,structure_label_only,project_owner_human_audit_2026-07-25,PENDING_DECOMPOSITION_TREE,PENDING_DUAL_SOURCE,USE_INVENTORY_STATUS_NOT_APPROVED_HERE,NOT_GENERATED,false
PENC_214,𬣙,U+2C8D9,左右,structure_label_only,project_owner_human_audit_2026-07-25,PENDING_DECOMPOSITION_TREE,PENDING_DUAL_SOURCE,USE_INVENTORY_STATUS_NOT_APPROVED_HERE,NOT_GENERATED,false
PENC_215,𬣞,U+2C8DE,左右,structure_label_only,project_owner_human_audit_2026-07-25,PENDING_DECOMPOSITION_TREE,PENDING_DUAL_SOURCE,USE_INVENTORY_STATUS_NOT_APPROVED_HERE,NOT_GENERATED,false
PENC_216,𬣡,U+2C8E1,左右,structure_label_only,project_owner_human_audit_2026-07-25,PENDING_DECOMPOSITION_TREE,PENDING_DUAL_SOURCE,USE_INVENTORY_STATUS_NOT_APPROVED_HERE,NOT_GENERATED,false
PENC_217,𬣳,U+2C8F3,左右,structure_label_only,project_owner_human_audit_2026-07-25,PENDING_DECOMPOSITION_TREE,PENDING_DUAL_SOURCE,USE_INVENTORY_STATUS_NOT_APPROVED_HERE,NOT_GENERATED,false
PENC_218,𬤇,U+2C907,左右,structure_label_only,project_owner_human_audit_2026-07-25,PENDING_DECOMPOSITION_TREE,PENDING_DUAL_SOURCE,USE_INVENTORY_STATUS_NOT_APPROVED_HERE,NOT_GENERATED,false
PENC_219,𬤊,U+2C90A,左右,structure_label_only,project_owner_human_audit_2026-07-25,PENDING_DECOMPOSITION_TREE,PENDING_DUAL_SOURCE,USE_INVENTORY_STATUS_NOT_APPROVED_HERE,NOT_GENERATED,false
PENC_220,𬤝,U+2C91D,左右,structure_label_only,project_owner_human_audit_2026-07-25,PENDING_DECOMPOSITION_TREE,PENDING_DUAL_SOURCE,USE_INVENTORY_STATUS_NOT_APPROVED_HERE,NOT_GENERATED,false
PENC_221,𬨂,U+2CA02,左右,structure_label_only,project_owner_human_audit_2026-07-25,PENDING_DECOMPOSITION_TREE,PENDING_DUAL_SOURCE,USE_INVENTORY_STATUS_NOT_APPROVED_HERE,NOT_GENERATED,false
PENC_222,𬨎,U+2CA0E,左右,structure_label_only,project_owner_human_audit_2026-07-25,PENDING_DECOMPOSITION_TREE,PENDING_DUAL_SOURCE,USE_INVENTORY_STATUS_NOT_APPROVED_HERE,NOT_GENERATED,false
PENC_223,𬩽,U+2CA7D,左右,structure_label_only,project_owner_human_audit_2026-07-25,PENDING_DECOMPOSITION_TREE,PENDING_DUAL_SOURCE,USE_INVENTORY_STATUS_NOT_APPROVED_HERE,NOT_GENERATED,false
PENC_224,𬪩,U+2CAA9,左右,structure_label_only,project_owner_human_audit_2026-07-25,PENDING_DECOMPOSITION_TREE,PENDING_DUAL_SOURCE,USE_INVENTORY_STATUS_NOT_APPROVED_HERE,NOT_GENERATED,false
PENC_225,𬬩,U+2CB29,左右,structure_label_only,project_owner_human_audit_2026-07-25,PENDING_DECOMPOSITION_TREE,PENDING_DUAL_SOURCE,USE_INVENTORY_STATUS_NOT_APPROVED_HERE,NOT_GENERATED,false
PENC_226,𬬭,U+2CB2D,左右,structure_label_only,project_owner_human_audit_2026-07-25,PENDING_DECOMPOSITION_TREE,PENDING_DUAL_SOURCE,USE_INVENTORY_STATUS_NOT_APPROVED_HERE,NOT_GENERATED,false
PENC_227,𬬮,U+2CB2E,左右,structure_label_only,project_owner_human_audit_2026-07-25,PENDING_DECOMPOSITION_TREE,PENDING_DUAL_SOURCE,USE_INVENTORY_STATUS_NOT_APPROVED_HERE,NOT_GENERATED,false
PENC_228,𬬱,U+2CB31,左右,structure_label_only,project_owner_human_audit_2026-07-25,PENDING_DECOMPOSITION_TREE,PENDING_DUAL_SOURCE,USE_INVENTORY_STATUS_NOT_APPROVED_HERE,NOT_GENERATED,false
PENC_229,𬬸,U+2CB38,左右,structure_label_only,project_owner_human_audit_2026-07-25,PENDING_DECOMPOSITION_TREE,PENDING_DUAL_SOURCE,USE_INVENTORY_STATUS_NOT_APPROVED_HERE,NOT_GENERATED,false
PENC_230,𬬹,U+2CB39,左右,structure_label_only,project_owner_human_audit_2026-07-25,PENDING_DECOMPOSITION_TREE,PENDING_DUAL_SOURCE,USE_INVENTORY_STATUS_NOT_APPROVED_HERE,NOT_GENERATED,false
PENC_231,𬬻,U+2CB3B,左右,structure_label_only,project_owner_human_audit_2026-07-25,PENDING_DECOMPOSITION_TREE,PENDING_DUAL_SOURCE,USE_INVENTORY_STATUS_NOT_APPROVED_HERE,NOT_GENERATED,false
PENC_232,𬬿,U+2CB3F,左右,structure_label_only,project_owner_human_audit_2026-07-25,PENDING_DECOMPOSITION_TREE,PENDING_DUAL_SOURCE,USE_INVENTORY_STATUS_NOT_APPROVED_HERE,NOT_GENERATED,false
PENC_233,𬭁,U+2CB41,左右,structure_label_only,project_owner_human_audit_2026-07-25,PENDING_DECOMPOSITION_TREE,PENDING_DUAL_SOURCE,USE_INVENTORY_STATUS_NOT_APPROVED_HERE,NOT_GENERATED,false
PENC_234,𬭊,U+2CB4A,左右,structure_label_only,project_owner_human_audit_2026-07-25,PENDING_DECOMPOSITION_TREE,PENDING_DUAL_SOURCE,USE_INVENTORY_STATUS_NOT_APPROVED_HERE,NOT_GENERATED,false
PENC_235,𬭎,U+2CB4E,左右,structure_label_only,project_owner_human_audit_2026-07-25,PENDING_DECOMPOSITION_TREE,PENDING_DUAL_SOURCE,USE_INVENTORY_STATUS_NOT_APPROVED_HERE,NOT_GENERATED,false
PENC_236,𬭚,U+2CB5A,左右,structure_label_only,project_owner_human_audit_2026-07-25,PENDING_DECOMPOSITION_TREE,PENDING_DUAL_SOURCE,USE_INVENTORY_STATUS_NOT_APPROVED_HERE,NOT_GENERATED,false
PENC_237,𬭛,U+2CB5B,左右,structure_label_only,project_owner_human_audit_2026-07-25,PENDING_DECOMPOSITION_TREE,PENDING_DUAL_SOURCE,USE_INVENTORY_STATUS_NOT_APPROVED_HERE,NOT_GENERATED,false
PENC_238,𬭤,U+2CB64,左右,structure_label_only,project_owner_human_audit_2026-07-25,PENDING_DECOMPOSITION_TREE,PENDING_DUAL_SOURCE,USE_INVENTORY_STATUS_NOT_APPROVED_HERE,NOT_GENERATED,false
PENC_239,𬭩,U+2CB69,左右,structure_label_only,project_owner_human_audit_2026-07-25,PENDING_DECOMPOSITION_TREE,PENDING_DUAL_SOURCE,USE_INVENTORY_STATUS_NOT_APPROVED_HERE,NOT_GENERATED,false
PENC_240,𬭬,U+2CB6C,左右,structure_label_only,project_owner_human_audit_2026-07-25,PENDING_DECOMPOSITION_TREE,PENDING_DUAL_SOURCE,USE_INVENTORY_STATUS_NOT_APPROVED_HERE,NOT_GENERATED,false
PENC_241,𬭯,U+2CB6F,左右,structure_label_only,project_owner_human_audit_2026-07-25,PENDING_DECOMPOSITION_TREE,PENDING_DUAL_SOURCE,USE_INVENTORY_STATUS_NOT_APPROVED_HERE,NOT_GENERATED,false
PENC_242,𬭳,U+2CB73,左右,structure_label_only,project_owner_human_audit_2026-07-25,PENDING_DECOMPOSITION_TREE,PENDING_DUAL_SOURCE,USE_INVENTORY_STATUS_NOT_APPROVED_HERE,NOT_GENERATED,false
PENC_243,𬭶,U+2CB76,左右,structure_label_only,project_owner_human_audit_2026-07-25,PENDING_DECOMPOSITION_TREE,PENDING_DUAL_SOURCE,USE_INVENTORY_STATUS_NOT_APPROVED_HERE,NOT_GENERATED,false
PENC_244,𬭸,U+2CB78,左右,structure_label_only,project_owner_human_audit_2026-07-25,PENDING_DECOMPOSITION_TREE,PENDING_DUAL_SOURCE,USE_INVENTORY_STATUS_NOT_APPROVED_HERE,NOT_GENERATED,false
PENC_245,𬭼,U+2CB7C,左右,structure_label_only,project_owner_human_audit_2026-07-25,PENDING_DECOMPOSITION_TREE,PENDING_DUAL_SOURCE,USE_INVENTORY_STATUS_NOT_APPROVED_HERE,NOT_GENERATED,false
PENC_246,𬮱,U+2CBB1,上三包,structure_label_only,project_owner_human_audit_2026-07-25,PENDING_DECOMPOSITION_TREE,PENDING_DUAL_SOURCE,USE_INVENTORY_STATUS_NOT_APPROVED_HERE,NOT_GENERATED,false
PENC_247,𬮿,U+2CBBF,左右,structure_label_only,project_owner_human_audit_2026-07-25,PENDING_DECOMPOSITION_TREE,PENDING_DUAL_SOURCE,USE_INVENTORY_STATUS_NOT_APPROVED_HERE,NOT_GENERATED,false
PENC_248,𬯀,U+2CBC0,左右,structure_label_only,project_owner_human_audit_2026-07-25,PENDING_DECOMPOSITION_TREE,PENDING_DUAL_SOURCE,USE_INVENTORY_STATUS_NOT_APPROVED_HERE,NOT_GENERATED,false
PENC_249,𬯎,U+2CBCE,左右,structure_label_only,project_owner_human_audit_2026-07-25,PENDING_DECOMPOSITION_TREE,PENDING_DUAL_SOURCE,USE_INVENTORY_STATUS_NOT_APPROVED_HERE,NOT_GENERATED,false
PENC_250,𬱖,U+2CC56,左右,structure_label_only,project_owner_human_audit_2026-07-25,PENDING_DECOMPOSITION_TREE,PENDING_DUAL_SOURCE,USE_INVENTORY_STATUS_NOT_APPROVED_HERE,NOT_GENERATED,false
PENC_251,𬱟,U+2CC5F,左右,structure_label_only,project_owner_human_audit_2026-07-25,PENDING_DECOMPOSITION_TREE,PENDING_DUAL_SOURCE,USE_INVENTORY_STATUS_NOT_APPROVED_HERE,NOT_GENERATED,false
PENC_252,𬳵,U+2CCF5,左右,structure_label_only,project_owner_human_audit_2026-07-25,PENDING_DECOMPOSITION_TREE,PENDING_DUAL_SOURCE,USE_INVENTORY_STATUS_NOT_APPROVED_HERE,NOT_GENERATED,false
PENC_253,𬳶,U+2CCF6,左右,structure_label_only,project_owner_human_audit_2026-07-25,PENDING_DECOMPOSITION_TREE,PENDING_DUAL_SOURCE,USE_INVENTORY_STATUS_NOT_APPROVED_HERE,NOT_GENERATED,false
PENC_254,𬳽,U+2CCFD,左右,structure_label_only,project_owner_human_audit_2026-07-25,PENDING_DECOMPOSITION_TREE,PENDING_DUAL_SOURCE,USE_INVENTORY_STATUS_NOT_APPROVED_HERE,NOT_GENERATED,false
PENC_255,𬳿,U+2CCFF,左右,structure_label_only,project_owner_human_audit_2026-07-25,PENDING_DECOMPOSITION_TREE,PENDING_DUAL_SOURCE,USE_INVENTORY_STATUS_NOT_APPROVED_HERE,NOT_GENERATED,false
PENC_256,𬴂,U+2CD02,左右,structure_label_only,project_owner_human_audit_2026-07-25,PENDING_DECOMPOSITION_TREE,PENDING_DUAL_SOURCE,USE_INVENTORY_STATUS_NOT_APPROVED_HERE,NOT_GENERATED,false
PENC_257,𬴃,U+2CD03,左右,structure_label_only,project_owner_human_audit_2026-07-25,PENDING_DECOMPOSITION_TREE,PENDING_DUAL_SOURCE,USE_INVENTORY_STATUS_NOT_APPROVED_HERE,NOT_GENERATED,false
PENC_258,𬴊,U+2CD0A,左右,structure_label_only,project_owner_human_audit_2026-07-25,PENDING_DECOMPOSITION_TREE,PENDING_DUAL_SOURCE,USE_INVENTORY_STATUS_NOT_APPROVED_HERE,NOT_GENERATED,false
PENC_259,𬶋,U+2CD8B,左右,structure_label_only,project_owner_human_audit_2026-07-25,PENDING_DECOMPOSITION_TREE,PENDING_DUAL_SOURCE,USE_INVENTORY_STATUS_NOT_APPROVED_HERE,NOT_GENERATED,false
PENC_260,𬶍,U+2CD8D,左右,structure_label_only,project_owner_human_audit_2026-07-25,PENDING_DECOMPOSITION_TREE,PENDING_DUAL_SOURCE,USE_INVENTORY_STATUS_NOT_APPROVED_HERE,NOT_GENERATED,false
PENC_261,𬶏,U+2CD8F,左右,structure_label_only,project_owner_human_audit_2026-07-25,PENDING_DECOMPOSITION_TREE,PENDING_DUAL_SOURCE,USE_INVENTORY_STATUS_NOT_APPROVED_HERE,NOT_GENERATED,false
PENC_262,𬶐,U+2CD90,左右,structure_label_only,project_owner_human_audit_2026-07-25,PENDING_DECOMPOSITION_TREE,PENDING_DUAL_SOURCE,USE_INVENTORY_STATUS_NOT_APPROVED_HERE,NOT_GENERATED,false
PENC_263,𬶟,U+2CD9F,左右,structure_label_only,project_owner_human_audit_2026-07-25,PENDING_DECOMPOSITION_TREE,PENDING_DUAL_SOURCE,USE_INVENTORY_STATUS_NOT_APPROVED_HERE,NOT_GENERATED,false
PENC_264,𬶠,U+2CDA0,左右,structure_label_only,project_owner_human_audit_2026-07-25,PENDING_DECOMPOSITION_TREE,PENDING_DUAL_SOURCE,USE_INVENTORY_STATUS_NOT_APPROVED_HERE,NOT_GENERATED,false
PENC_265,𬶨,U+2CDA8,上下,structure_label_only,project_owner_human_audit_2026-07-25,PENDING_DECOMPOSITION_TREE,PENDING_DUAL_SOURCE,USE_INVENTORY_STATUS_NOT_APPROVED_HERE,NOT_GENERATED,false
PENC_266,𬶭,U+2CDAD,左右,structure_label_only,project_owner_human_audit_2026-07-25,PENDING_DECOMPOSITION_TREE,PENDING_DUAL_SOURCE,USE_INVENTORY_STATUS_NOT_APPROVED_HERE,NOT_GENERATED,false
PENC_267,𬶮,U+2CDAE,左右,structure_label_only,project_owner_human_audit_2026-07-25,PENDING_DECOMPOSITION_TREE,PENDING_DUAL_SOURCE,USE_INVENTORY_STATUS_NOT_APPROVED_HERE,NOT_GENERATED,false
PENC_268,𬷕,U+2CDD5,左右,structure_label_only,project_owner_human_audit_2026-07-25,PENDING_DECOMPOSITION_TREE,PENDING_DUAL_SOURCE,USE_INVENTORY_STATUS_NOT_APPROVED_HERE,NOT_GENERATED,false
PENC_269,𬸘,U+2CE18,左右,structure_label_only,project_owner_human_audit_2026-07-25,PENDING_DECOMPOSITION_TREE,PENDING_DUAL_SOURCE,USE_INVENTORY_STATUS_NOT_APPROVED_HERE,NOT_GENERATED,false
PENC_270,𬸚,U+2CE1A,上下,structure_label_only,project_owner_human_audit_2026-07-25,PENDING_DECOMPOSITION_TREE,PENDING_DUAL_SOURCE,USE_INVENTORY_STATUS_NOT_APPROVED_HERE,NOT_GENERATED,false
PENC_271,𬸣,U+2CE23,上下,structure_label_only,project_owner_human_audit_2026-07-25,PENDING_DECOMPOSITION_TREE,PENDING_DUAL_SOURCE,USE_INVENTORY_STATUS_NOT_APPROVED_HERE,NOT_GENERATED,false
PENC_272,𬸦,U+2CE26,上下,structure_label_only,project_owner_human_audit_2026-07-25,PENDING_DECOMPOSITION_TREE,PENDING_DUAL_SOURCE,USE_INVENTORY_STATUS_NOT_APPROVED_HERE,NOT_GENERATED,false
PENC_273,𬸪,U+2CE2A,左右,structure_label_only,project_owner_human_audit_2026-07-25,PENDING_DECOMPOSITION_TREE,PENDING_DUAL_SOURCE,USE_INVENTORY_STATUS_NOT_APPROVED_HERE,NOT_GENERATED,false
PENC_274,𬹼,U+2CE7C,左右,structure_label_only,project_owner_human_audit_2026-07-25,PENDING_DECOMPOSITION_TREE,PENDING_DUAL_SOURCE,USE_INVENTORY_STATUS_NOT_APPROVED_HERE,NOT_GENERATED,false
PENC_275,𬺈,U+2CE88,左右,structure_label_only,project_owner_human_audit_2026-07-25,PENDING_DECOMPOSITION_TREE,PENDING_DUAL_SOURCE,USE_INVENTORY_STATUS_NOT_APPROVED_HERE,NOT_GENERATED,false
PENC_276,𬺓,U+2CE93,左右,structure_label_only,project_owner_human_audit_2026-07-25,PENDING_DECOMPOSITION_TREE,PENDING_DUAL_SOURCE,USE_INVENTORY_STATUS_NOT_APPROVED_HERE,NOT_GENERATED,false
