row_id,char,unicode,final_project_basis,structure,decomposition_status,external_reference_role,unihan_zdic_radical_status,candidate_cnbe_status,source_table_write_authorized
PENC_169,𫢸,U+2B8B8,HUMAN_AUDIT,左右,HUMAN_DECOMPOSITION_RECORDED,ALIGNMENT_ONLY_NOT_GOLD_STANDARD,RADICAL_CONFIRMED,NOT_GENERATED,false
PENC_170,𫫇,U+2BAC7,HUMAN_AUDIT,左右,HUMAN_DECOMPOSITION_RECORDED,ALIGNMENT_ONLY_NOT_GOLD_STANDARD,RADICAL_ZDIC_GAP,NOT_GENERATED,false
PENC_171,𫭟,U+2BB5F,HUMAN_AUDIT,左右,HUMAN_DECOMPOSITION_RECORDED,ALIGNMENT_ONLY_NOT_GOLD_STANDARD,RADICAL_CONFIRMED,NOT_GENERATED,false
PENC_172,𫭢,U+2BB62,HUMAN_AUDIT,左右,HUMAN_DECOMPOSITION_RECORDED,ALIGNMENT_ONLY_NOT_GOLD_STANDARD,RADICAL_CONFIRMED,NOT_GENERATED,false
PENC_173,𫭼,U+2BB7C,HUMAN_AUDIT,左右,HUMAN_DECOMPOSITION_RECORDED,ALIGNMENT_ONLY_NOT_GOLD_STANDARD,RADICAL_CONFIRMED,NOT_GENERATED,false
PENC_174,𫮃,U+2BB83,HUMAN_AUDIT,左右,HUMAN_DECOMPOSITION_RECORDED,ALIGNMENT_ONLY_NOT_GOLD_STANDARD,RADICAL_CONFIRMED,NOT_GENERATED,false
PENC_175,𫰛,U+2BC1B,HUMAN_AUDIT,左右,HUMAN_DECOMPOSITION_RECORDED,ALIGNMENT_ONLY_NOT_GOLD_STANDARD,RADICAL_CONFIRMED,NOT_GENERATED,false
PENC_176,𫵷,U+2BD77,HUMAN_AUDIT,左右,HUMAN_DECOMPOSITION_RECORDED,ALIGNMENT_ONLY_NOT_GOLD_STANDARD,RADICAL_CONFIRMED,NOT_GENERATED,false
PENC_177,𫶇,U+2BD87,HUMAN_AUDIT,左右,HUMAN_DECOMPOSITION_RECORDED,ALIGNMENT_ONLY_NOT_GOLD_STANDARD,RADICAL_CONFIRMED,NOT_GENERATED,false
PENC_178,𫷷,U+2BDF7,HUMAN_AUDIT,左上包,HUMAN_DECOMPOSITION_RECORDED,ALIGNMENT_ONLY_NOT_GOLD_STANDARD,RADICAL_CONFIRMED,NOT_GENERATED,false
PENC_179,𫸩,U+2BE29,HUMAN_AUDIT,左右,HUMAN_DECOMPOSITION_RECORDED,ALIGNMENT_ONLY_NOT_GOLD_STANDARD,RADICAL_CONFIRMED,NOT_GENERATED,false
PENC_180,𬀩,U+2C029,HUMAN_AUDIT,左右,HUMAN_DECOMPOSITION_RECORDED,ALIGNMENT_ONLY_NOT_GOLD_STANDARD,RADICAL_CONFIRMED,NOT_GENERATED,false
PENC_181,𬀪,U+2C02A,HUMAN_AUDIT,左右,HUMAN_DECOMPOSITION_RECORDED,ALIGNMENT_ONLY_NOT_GOLD_STANDARD,RADICAL_CONFIRMED,NOT_GENERATED,false
PENC_182,𬂩,U+2C0A9,HUMAN_AUDIT,左右,HUMAN_DECOMPOSITION_RECORDED,ALIGNMENT_ONLY_NOT_GOLD_STANDARD,RADICAL_CONFIRMED,NOT_GENERATED,false
PENC_183,𬃊,U+2C0CA,HUMAN_AUDIT,左右,HUMAN_DECOMPOSITION_RECORDED,ALIGNMENT_ONLY_NOT_GOLD_STANDARD,RADICAL_CONFIRMED,NOT_GENERATED,false
PENC_184,𬇕,U+2C1D5,HUMAN_AUDIT,左右,HUMAN_DECOMPOSITION_RECORDED,ALIGNMENT_ONLY_NOT_GOLD_STANDARD,RADICAL_CONFIRMED,NOT_GENERATED,false
PENC_185,𬇙,U+2C1D9,HUMAN_AUDIT,左右,HUMAN_DECOMPOSITION_RECORDED,ALIGNMENT_ONLY_NOT_GOLD_STANDARD,RADICAL_ZDIC_GAP,NOT_GENERATED,false
PENC_186,𬇹,U+2C1F9,HUMAN_AUDIT,左右,HUMAN_DECOMPOSITION_RECORDED,ALIGNMENT_ONLY_NOT_GOLD_STANDARD,RADICAL_CONFIRMED,NOT_GENERATED,false
PENC_187,𬉼,U+2C27C,HUMAN_AUDIT,左右,HUMAN_DECOMPOSITION_RECORDED,ALIGNMENT_ONLY_NOT_GOLD_STANDARD,RADICAL_CONFIRMED,NOT_GENERATED,false
PENC_188,𬊈,U+2C288,HUMAN_AUDIT,左右,HUMAN_DECOMPOSITION_RECORDED,ALIGNMENT_ONLY_NOT_GOLD_STANDARD,RADICAL_CONFIRMED,NOT_GENERATED,false
PENC_189,𬊤,U+2C2A4,HUMAN_AUDIT,左右,HUMAN_DECOMPOSITION_RECORDED,ALIGNMENT_ONLY_NOT_GOLD_STANDARD,RADICAL_CONFIRMED,NOT_GENERATED,false
PENC_190,𬌗,U+2C317,HUMAN_AUDIT,左右,HUMAN_DECOMPOSITION_RECORDED,ALIGNMENT_ONLY_NOT_GOLD_STANDARD,RADICAL_CONFIRMED,NOT_GENERATED,false
PENC_191,𬍛,U+2C35B,HUMAN_AUDIT,左右,HUMAN_DECOMPOSITION_RECORDED,ALIGNMENT_ONLY_NOT_GOLD_STANDARD,RADICAL_DUAL_DISAGREE,NOT_GENERATED,false
PENC_192,𬍡,U+2C361,HUMAN_AUDIT,上下,HUMAN_DECOMPOSITION_RECORDED,ALIGNMENT_ONLY_NOT_GOLD_STANDARD,RADICAL_CONFIRMED,NOT_GENERATED,false
PENC_193,𬍤,U+2C364,HUMAN_AUDIT,左右,HUMAN_DECOMPOSITION_RECORDED,ALIGNMENT_ONLY_NOT_GOLD_STANDARD,RADICAL_DUAL_DISAGREE,NOT_GENERATED,false
PENC_194,𬒈,U+2C488,HUMAN_AUDIT,上中下,HUMAN_APPROVED_NONRENDERABLE_COMPONENT_GLYPH,ALIGNMENT_ONLY_NOT_GOLD_STANDARD,RADICAL_ZDIC_GAP,NOT_GENERATED,false
PENC_195,𬒔,U+2C494,HUMAN_AUDIT,左右,HUMAN_DECOMPOSITION_RECORDED,ALIGNMENT_ONLY_NOT_GOLD_STANDARD,RADICAL_CONFIRMED,NOT_GENERATED,false
PENC_196,𬒗,U+2C497,HUMAN_AUDIT,左右,HUMAN_DECOMPOSITION_RECORDED,ALIGNMENT_ONLY_NOT_GOLD_STANDARD,RADICAL_CONFIRMED,NOT_GENERATED,false
PENC_197,𬕂,U+2C542,HUMAN_AUDIT,上下,HUMAN_DECOMPOSITION_RECORDED,ALIGNMENT_ONLY_NOT_GOLD_STANDARD,RADICAL_CONFIRMED,NOT_GENERATED,false
PENC_198,𬘓,U+2C613,HUMAN_AUDIT,左右,HUMAN_DECOMPOSITION_RECORDED,ALIGNMENT_ONLY_NOT_GOLD_STANDARD,RADICAL_CONFIRMED,NOT_GENERATED,false
PENC_199,𬘘,U+2C618,HUMAN_AUDIT,左右,HUMAN_DECOMPOSITION_RECORDED,ALIGNMENT_ONLY_NOT_GOLD_STANDARD,RADICAL_CONFIRMED,NOT_GENERATED,false
PENC_200,𬘡,U+2C621,HUMAN_AUDIT,左右,HUMAN_DECOMPOSITION_RECORDED,ALIGNMENT_ONLY_NOT_GOLD_STANDARD,RADICAL_CONFIRMED,NOT_GENERATED,false
PENC_201,𬘩,U+2C629,HUMAN_AUDIT,左右,HUMAN_DECOMPOSITION_RECORDED,ALIGNMENT_ONLY_NOT_GOLD_STANDARD,RADICAL_CONFIRMED,NOT_GENERATED,false
PENC_202,𬘫,U+2C62B,HUMAN_AUDIT,左右,HUMAN_DECOMPOSITION_RECORDED,ALIGNMENT_ONLY_NOT_GOLD_STANDARD,RADICAL_CONFIRMED,NOT_GENERATED,false
PENC_203,𬘬,U+2C62C,HUMAN_AUDIT,左右,HUMAN_DECOMPOSITION_RECORDED,ALIGNMENT_ONLY_NOT_GOLD_STANDARD,RADICAL_CONFIRMED,NOT_GENERATED,false
PENC_204,𬘭,U+2C62D,HUMAN_AUDIT,左右,HUMAN_DECOMPOSITION_RECORDED,ALIGNMENT_ONLY_NOT_GOLD_STANDARD,RADICAL_CONFIRMED,NOT_GENERATED,false
PENC_205,𬘯,U+2C62F,HUMAN_AUDIT,左右,HUMAN_DECOMPOSITION_RECORDED,ALIGNMENT_ONLY_NOT_GOLD_STANDARD,RADICAL_CONFIRMED,NOT_GENERATED,false
PENC_206,𬙂,U+2C642,HUMAN_AUDIT,左右,HUMAN_DECOMPOSITION_RECORDED,ALIGNMENT_ONLY_NOT_GOLD_STANDARD,RADICAL_CONFIRMED,NOT_GENERATED,false
PENC_207,𬙊,U+2C64A,HUMAN_AUDIT,左右,HUMAN_DECOMPOSITION_RECORDED,ALIGNMENT_ONLY_NOT_GOLD_STANDARD,RADICAL_CONFIRMED,NOT_GENERATED,false
PENC_208,𬙋,U+2C64B,HUMAN_AUDIT,左右,HUMAN_DECOMPOSITION_RECORDED,ALIGNMENT_ONLY_NOT_GOLD_STANDARD,RADICAL_CONFIRMED,NOT_GENERATED,false
PENC_209,𬜬,U+2C72C,HUMAN_AUDIT,上下,HUMAN_DECOMPOSITION_RECORDED,ALIGNMENT_ONLY_NOT_GOLD_STANDARD,RADICAL_CONFIRMED,NOT_GENERATED,false
PENC_210,𬜯,U+2C72F,HUMAN_AUDIT,上下,HUMAN_DECOMPOSITION_RECORDED,ALIGNMENT_ONLY_NOT_GOLD_STANDARD,RADICAL_CONFIRMED,NOT_GENERATED,false
PENC_211,𬞟,U+2C79F,HUMAN_AUDIT,上下,HUMAN_DECOMPOSITION_RECORDED,ALIGNMENT_ONLY_NOT_GOLD_STANDARD,RADICAL_CONFIRMED,NOT_GENERATED,false
PENC_212,𬟁,U+2C7C1,HUMAN_AUDIT,上下,HUMAN_DECOMPOSITION_RECORDED,ALIGNMENT_ONLY_NOT_GOLD_STANDARD,RADICAL_CONFIRMED,NOT_GENERATED,false
PENC_213,𬟽,U+2C7FD,HUMAN_AUDIT,左右,HUMAN_DECOMPOSITION_RECORDED,ALIGNMENT_ONLY_NOT_GOLD_STANDARD,RADICAL_ZDIC_GAP,NOT_GENERATED,false
PENC_214,𬣙,U+2C8D9,HUMAN_AUDIT,左右,HUMAN_DECOMPOSITION_RECORDED,ALIGNMENT_ONLY_NOT_GOLD_STANDARD,RADICAL_CONFIRMED,NOT_GENERATED,false
PENC_215,𬣞,U+2C8DE,HUMAN_AUDIT,左右,HUMAN_DECOMPOSITION_RECORDED,ALIGNMENT_ONLY_NOT_GOLD_STANDARD,RADICAL_CONFIRMED,NOT_GENERATED,false
PENC_216,𬣡,U+2C8E1,HUMAN_AUDIT,左右,HUMAN_DECOMPOSITION_RECORDED,ALIGNMENT_ONLY_NOT_GOLD_STANDARD,RADICAL_CONFIRMED,NOT_GENERATED,false
PENC_217,𬣳,U+2C8F3,HUMAN_AUDIT,左右,HUMAN_DECOMPOSITION_RECORDED,ALIGNMENT_ONLY_NOT_GOLD_STANDARD,RADICAL_CONFIRMED,NOT_GENERATED,false
PENC_218,𬤇,U+2C907,HUMAN_AUDIT,左右,HUMAN_DECOMPOSITION_RECORDED,ALIGNMENT_ONLY_NOT_GOLD_STANDARD,RADICAL_CONFIRMED,NOT_GENERATED,false
PENC_219,𬤊,U+2C90A,HUMAN_AUDIT,左右,HUMAN_DECOMPOSITION_RECORDED,ALIGNMENT_ONLY_NOT_GOLD_STANDARD,RADICAL_CONFIRMED,NOT_GENERATED,false
PENC_220,𬤝,U+2C91D,HUMAN_AUDIT,左右,HUMAN_DECOMPOSITION_RECORDED,ALIGNMENT_ONLY_NOT_GOLD_STANDARD,RADICAL_CONFIRMED,NOT_GENERATED,false
PENC_221,𬨂,U+2CA02,HUMAN_AUDIT,左右,HUMAN_DECOMPOSITION_RECORDED,ALIGNMENT_ONLY_NOT_GOLD_STANDARD,RADICAL_CONFIRMED,NOT_GENERATED,false
PENC_222,𬨎,U+2CA0E,HUMAN_AUDIT,左右,HUMAN_DECOMPOSITION_RECORDED,ALIGNMENT_ONLY_NOT_GOLD_STANDARD,RADICAL_CONFIRMED,NOT_GENERATED,false
PENC_223,𬩽,U+2CA7D,HUMAN_AUDIT,左右,HUMAN_DECOMPOSITION_RECORDED,ALIGNMENT_ONLY_NOT_GOLD_STANDARD,RADICAL_UNMAPPED_OR_AMBIGUOUS,NOT_GENERATED,false
PENC_224,𬪩,U+2CAA9,HUMAN_AUDIT,左右,HUMAN_DECOMPOSITION_RECORDED,ALIGNMENT_ONLY_NOT_GOLD_STANDARD,RADICAL_CONFIRMED,NOT_GENERATED,false
PENC_225,𬬩,U+2CB29,HUMAN_AUDIT,左右,HUMAN_DECOMPOSITION_RECORDED,ALIGNMENT_ONLY_NOT_GOLD_STANDARD,RADICAL_CONFIRMED,NOT_GENERATED,false
PENC_226,𬬭,U+2CB2D,HUMAN_AUDIT,左右,HUMAN_DECOMPOSITION_RECORDED,ALIGNMENT_ONLY_NOT_GOLD_STANDARD,RADICAL_CONFIRMED,NOT_GENERATED,false
PENC_227,𬬮,U+2CB2E,HUMAN_AUDIT,左右,HUMAN_DECOMPOSITION_RECORDED,ALIGNMENT_ONLY_NOT_GOLD_STANDARD,RADICAL_CONFIRMED,NOT_GENERATED,false
PENC_228,𬬱,U+2CB31,HUMAN_AUDIT,左右,HUMAN_DECOMPOSITION_RECORDED,ALIGNMENT_ONLY_NOT_GOLD_STANDARD,RADICAL_CONFIRMED,NOT_GENERATED,false
PENC_229,𬬸,U+2CB38,HUMAN_AUDIT,左右,HUMAN_DECOMPOSITION_RECORDED,ALIGNMENT_ONLY_NOT_GOLD_STANDARD,RADICAL_CONFIRMED,NOT_GENERATED,false
PENC_230,𬬹,U+2CB39,HUMAN_AUDIT,左右,HUMAN_DECOMPOSITION_RECORDED,ALIGNMENT_ONLY_NOT_GOLD_STANDARD,RADICAL_CONFIRMED,NOT_GENERATED,false
PENC_231,𬬻,U+2CB3B,HUMAN_AUDIT,左右,HUMAN_DECOMPOSITION_RECORDED,ALIGNMENT_ONLY_NOT_GOLD_STANDARD,RADICAL_CONFIRMED,NOT_GENERATED,false
PENC_232,𬬿,U+2CB3F,HUMAN_AUDIT,左右,HUMAN_DECOMPOSITION_RECORDED,ALIGNMENT_ONLY_NOT_GOLD_STANDARD,RADICAL_CONFIRMED,NOT_GENERATED,false
PENC_233,𬭁,U+2CB41,HUMAN_AUDIT,左右,HUMAN_DECOMPOSITION_RECORDED,ALIGNMENT_ONLY_NOT_GOLD_STANDARD,RADICAL_CONFIRMED,NOT_GENERATED,false
PENC_234,𬭊,U+2CB4A,HUMAN_AUDIT,左右,HUMAN_DECOMPOSITION_RECORDED,ALIGNMENT_ONLY_NOT_GOLD_STANDARD,RADICAL_CONFIRMED,NOT_GENERATED,false
PENC_235,𬭎,U+2CB4E,HUMAN_AUDIT,左右,HUMAN_DECOMPOSITION_RECORDED,ALIGNMENT_ONLY_NOT_GOLD_STANDARD,RADICAL_CONFIRMED,NOT_GENERATED,false
PENC_236,𬭚,U+2CB5A,HUMAN_AUDIT,左右,HUMAN_DECOMPOSITION_RECORDED,ALIGNMENT_ONLY_NOT_GOLD_STANDARD,RADICAL_CONFIRMED,NOT_GENERATED,false
PENC_237,𬭛,U+2CB5B,HUMAN_AUDIT,左右,HUMAN_DECOMPOSITION_RECORDED,ALIGNMENT_ONLY_NOT_GOLD_STANDARD,RADICAL_CONFIRMED,NOT_GENERATED,false
PENC_238,𬭤,U+2CB64,HUMAN_AUDIT,左右,HUMAN_DECOMPOSITION_RECORDED,ALIGNMENT_ONLY_NOT_GOLD_STANDARD,RADICAL_CONFIRMED,NOT_GENERATED,false
PENC_239,𬭩,U+2CB69,HUMAN_AUDIT,左右,HUMAN_DECOMPOSITION_RECORDED,ALIGNMENT_ONLY_NOT_GOLD_STANDARD,RADICAL_CONFIRMED,NOT_GENERATED,false
PENC_240,𬭬,U+2CB6C,HUMAN_AUDIT,左右,HUMAN_DECOMPOSITION_RECORDED,ALIGNMENT_ONLY_NOT_GOLD_STANDARD,RADICAL_CONFIRMED,NOT_GENERATED,false
PENC_241,𬭯,U+2CB6F,HUMAN_AUDIT,左右,HUMAN_DECOMPOSITION_RECORDED,ALIGNMENT_ONLY_NOT_GOLD_STANDARD,RADICAL_CONFIRMED,NOT_GENERATED,false
PENC_242,𬭳,U+2CB73,HUMAN_AUDIT,左右,HUMAN_DECOMPOSITION_RECORDED,ALIGNMENT_ONLY_NOT_GOLD_STANDARD,RADICAL_CONFIRMED,NOT_GENERATED,false
PENC_243,𬭶,U+2CB76,HUMAN_AUDIT,左右,HUMAN_DECOMPOSITION_RECORDED,ALIGNMENT_ONLY_NOT_GOLD_STANDARD,RADICAL_CONFIRMED,NOT_GENERATED,false
PENC_244,𬭸,U+2CB78,HUMAN_AUDIT,左右,HUMAN_DECOMPOSITION_RECORDED,ALIGNMENT_ONLY_NOT_GOLD_STANDARD,RADICAL_CONFIRMED,NOT_GENERATED,false
PENC_245,𬭼,U+2CB7C,HUMAN_AUDIT,左右,HUMAN_DECOMPOSITION_RECORDED,ALIGNMENT_ONLY_NOT_GOLD_STANDARD,RADICAL_CONFIRMED,NOT_GENERATED,false
PENC_246,𬮱,U+2CBB1,HUMAN_AUDIT,上三包,HUMAN_DECOMPOSITION_RECORDED,ALIGNMENT_ONLY_NOT_GOLD_STANDARD,RADICAL_CONFIRMED,NOT_GENERATED,false
PENC_247,𬮿,U+2CBBF,HUMAN_AUDIT,左右,HUMAN_APPROVED_NONRENDERABLE_COMPONENT_GLYPH,ALIGNMENT_ONLY_NOT_GOLD_STANDARD,RADICAL_UNMAPPED_OR_AMBIGUOUS,NOT_GENERATED,false
PENC_248,𬯀,U+2CBC0,HUMAN_AUDIT,左右,HUMAN_DECOMPOSITION_RECORDED,ALIGNMENT_ONLY_NOT_GOLD_STANDARD,RADICAL_UNMAPPED_OR_AMBIGUOUS,NOT_GENERATED,false
PENC_249,𬯎,U+2CBCE,HUMAN_AUDIT,左右,HUMAN_DECOMPOSITION_RECORDED,ALIGNMENT_ONLY_NOT_GOLD_STANDARD,RADICAL_UNMAPPED_OR_AMBIGUOUS,NOT_GENERATED,false
PENC_250,𬱖,U+2CC56,HUMAN_AUDIT,左右,HUMAN_DECOMPOSITION_RECORDED,ALIGNMENT_ONLY_NOT_GOLD_STANDARD,RADICAL_CONFIRMED,NOT_GENERATED,false
PENC_251,𬱟,U+2CC5F,HUMAN_AUDIT,左右,HUMAN_DECOMPOSITION_RECORDED,ALIGNMENT_ONLY_NOT_GOLD_STANDARD,RADICAL_CONFIRMED,NOT_GENERATED,false
PENC_252,𬳵,U+2CCF5,HUMAN_AUDIT,左右,HUMAN_DECOMPOSITION_RECORDED,ALIGNMENT_ONLY_NOT_GOLD_STANDARD,RADICAL_CONFIRMED,NOT_GENERATED,false
PENC_253,𬳶,U+2CCF6,HUMAN_AUDIT,左右,HUMAN_DECOMPOSITION_RECORDED,ALIGNMENT_ONLY_NOT_GOLD_STANDARD,RADICAL_CONFIRMED,NOT_GENERATED,false
PENC_254,𬳽,U+2CCFD,HUMAN_AUDIT,左右,HUMAN_DECOMPOSITION_RECORDED,ALIGNMENT_ONLY_NOT_GOLD_STANDARD,RADICAL_CONFIRMED,NOT_GENERATED,false
PENC_255,𬳿,U+2CCFF,HUMAN_AUDIT,左右,HUMAN_DECOMPOSITION_RECORDED,ALIGNMENT_ONLY_NOT_GOLD_STANDARD,RADICAL_CONFIRMED,NOT_GENERATED,false
PENC_256,𬴂,U+2CD02,HUMAN_AUDIT,左右,HUMAN_DECOMPOSITION_RECORDED,ALIGNMENT_ONLY_NOT_GOLD_STANDARD,RADICAL_CONFIRMED,NOT_GENERATED,false
PENC_257,𬴃,U+2CD03,HUMAN_AUDIT,左右,HUMAN_DECOMPOSITION_RECORDED,ALIGNMENT_ONLY_NOT_GOLD_STANDARD,RADICAL_CONFIRMED,NOT_GENERATED,false
PENC_258,𬴊,U+2CD0A,HUMAN_AUDIT,左右,HUMAN_DECOMPOSITION_RECORDED,ALIGNMENT_ONLY_NOT_GOLD_STANDARD,RADICAL_CONFIRMED,NOT_GENERATED,false
PENC_259,𬶋,U+2CD8B,HUMAN_AUDIT,左右,HUMAN_DECOMPOSITION_RECORDED,ALIGNMENT_ONLY_NOT_GOLD_STANDARD,RADICAL_CONFIRMED,NOT_GENERATED,false
PENC_260,𬶍,U+2CD8D,HUMAN_AUDIT,左右,HUMAN_DECOMPOSITION_RECORDED,ALIGNMENT_ONLY_NOT_GOLD_STANDARD,RADICAL_CONFIRMED,NOT_GENERATED,false
PENC_261,𬶏,U+2CD8F,HUMAN_AUDIT,左右,HUMAN_DECOMPOSITION_RECORDED,ALIGNMENT_ONLY_NOT_GOLD_STANDARD,RADICAL_CONFIRMED,NOT_GENERATED,false
PENC_262,𬶐,U+2CD90,HUMAN_AUDIT,左右,HUMAN_DECOMPOSITION_RECORDED,ALIGNMENT_ONLY_NOT_GOLD_STANDARD,RADICAL_CONFIRMED,NOT_GENERATED,false
PENC_263,𬶟,U+2CD9F,HUMAN_AUDIT,左右,HUMAN_DECOMPOSITION_RECORDED,ALIGNMENT_ONLY_NOT_GOLD_STANDARD,RADICAL_CONFIRMED,NOT_GENERATED,false
PENC_264,𬶠,U+2CDA0,HUMAN_AUDIT,左右,HUMAN_DECOMPOSITION_RECORDED,ALIGNMENT_ONLY_NOT_GOLD_STANDARD,RADICAL_CONFIRMED,NOT_GENERATED,false
PENC_265,𬶨,U+2CDA8,HUMAN_AUDIT,上下,HUMAN_DECOMPOSITION_RECORDED,ALIGNMENT_ONLY_NOT_GOLD_STANDARD,RADICAL_CONFIRMED,NOT_GENERATED,false
PENC_266,𬶭,U+2CDAD,HUMAN_AUDIT,左右,HUMAN_DECOMPOSITION_RECORDED,ALIGNMENT_ONLY_NOT_GOLD_STANDARD,RADICAL_CONFIRMED,NOT_GENERATED,false
PENC_267,𬶮,U+2CDAE,HUMAN_AUDIT,左右,HUMAN_DECOMPOSITION_RECORDED,ALIGNMENT_ONLY_NOT_GOLD_STANDARD,RADICAL_CONFIRMED,NOT_GENERATED,false
PENC_268,𬷕,U+2CDD5,HUMAN_AUDIT,左右,HUMAN_DECOMPOSITION_RECORDED,ALIGNMENT_ONLY_NOT_GOLD_STANDARD,RADICAL_CONFIRMED,NOT_GENERATED,false
PENC_269,𬸘,U+2CE18,HUMAN_AUDIT,左右,HUMAN_DECOMPOSITION_RECORDED,ALIGNMENT_ONLY_NOT_GOLD_STANDARD,RADICAL_CONFIRMED,NOT_GENERATED,false
PENC_270,𬸚,U+2CE1A,HUMAN_AUDIT,上下,HUMAN_DECOMPOSITION_RECORDED,ALIGNMENT_ONLY_NOT_GOLD_STANDARD,RADICAL_CONFIRMED,NOT_GENERATED,false
PENC_271,𬸣,U+2CE23,HUMAN_AUDIT,上下,HUMAN_APPROVED_NONRENDERABLE_COMPONENT_GLYPH,ALIGNMENT_ONLY_NOT_GOLD_STANDARD,RADICAL_CONFIRMED,NOT_GENERATED,false
PENC_272,𬸦,U+2CE26,HUMAN_AUDIT,上下,HUMAN_DECOMPOSITION_RECORDED,ALIGNMENT_ONLY_NOT_GOLD_STANDARD,RADICAL_ZDIC_GAP,NOT_GENERATED,false
PENC_273,𬸪,U+2CE2A,HUMAN_AUDIT,左右,HUMAN_DECOMPOSITION_RECORDED,ALIGNMENT_ONLY_NOT_GOLD_STANDARD,RADICAL_CONFIRMED,NOT_GENERATED,false
PENC_274,𬹼,U+2CE7C,HUMAN_AUDIT,左右,HUMAN_DECOMPOSITION_RECORDED,ALIGNMENT_ONLY_NOT_GOLD_STANDARD,RADICAL_CONFIRMED,NOT_GENERATED,false
PENC_275,𬺈,U+2CE88,HUMAN_AUDIT,左右,HUMAN_DECOMPOSITION_RECORDED,ALIGNMENT_ONLY_NOT_GOLD_STANDARD,RADICAL_CONFIRMED,NOT_GENERATED,false
PENC_276,𬺓,U+2CE93,HUMAN_AUDIT,左右,HUMAN_DECOMPOSITION_RECORDED,ALIGNMENT_ONLY_NOT_GOLD_STANDARD,RADICAL_CONFIRMED,NOT_GENERATED,false
